-- phpMyAdmin SQL Dump
-- version 5.2.1
-- https://www.phpmyadmin.net/
--
-- Host: localhost:3306
-- Waktu pembuatan: 07 Nov 2024 pada 16.14
-- Versi server: 8.0.30
-- Versi PHP: 8.1.10

SET SQL_MODE = "NO_AUTO_VALUE_ON_ZERO";
START TRANSACTION;
SET time_zone = "+00:00";


/*!40101 SET @OLD_CHARACTER_SET_CLIENT=@@CHARACTER_SET_CLIENT */;
/*!40101 SET @OLD_CHARACTER_SET_RESULTS=@@CHARACTER_SET_RESULTS */;
/*!40101 SET @OLD_COLLATION_CONNECTION=@@COLLATION_CONNECTION */;
/*!40101 SET NAMES utf8mb4 */;

--
-- Database: `spk_ahp`
--

-- --------------------------------------------------------

--
-- Struktur dari tabel `tb_alternatif`
--

CREATE TABLE `tb_alternatif` (
  `kode_alternatif` varchar(16) NOT NULL,
  `nama_alternatif` varchar(255) DEFAULT NULL,
  `total` double DEFAULT NULL,
  `urutan` int DEFAULT NULL
) ENGINE=InnoDB DEFAULT CHARSET=latin1;

--
-- Dumping data untuk tabel `tb_alternatif`
--

INSERT INTO `tb_alternatif` (`kode_alternatif`, `nama_alternatif`, `total`, `urutan`) VALUES
('I5', 'IPS 5', 0.0653102847, 8),
('I4', 'IPS 4', 0.2202976939, 1),
('I3', 'IPS 3', 0.0633030025, 9),
('I1', 'IPS 1', 0.1215034747, 3),
('M7', 'MIPA 7', 0.0625658488, 10),
('M6', 'MIPA 6', 0.0836448569, 7),
('M5', 'MIPA 5', 0.049047055, 11),
('M4', 'MIPA 4', 0.0434967397, 12),
('M3', 'MIPA 3', 0.0893630803, 5),
('M2', 'MIPA 2', 0.1515702835, 2),
('M1', 'MIPA 1', 0.088862798, 6),
('I2', 'IPS 2', 0.0905260245, 4);

-- --------------------------------------------------------

--
-- Struktur dari tabel `tb_kriteria`
--

CREATE TABLE `tb_kriteria` (
  `kode_kriteria` varchar(16) NOT NULL,
  `nama_kriteria` varchar(256) DEFAULT NULL
) ENGINE=InnoDB DEFAULT CHARSET=latin1;

--
-- Dumping data untuk tabel `tb_kriteria`
--

INSERT INTO `tb_kriteria` (`kode_kriteria`, `nama_kriteria`) VALUES
('C4', 'Kebersihan di Luar Kelas'),
('C3', 'Kelengkapan Kelas'),
('C2', 'Kerapian/Penataan Kelas'),
('C1', 'Kebersihan di Dalam Kelas'),
('C5', 'Penataan Taman'),
('C6', 'Reduce Reuse Recycle');

-- --------------------------------------------------------

--
-- Struktur dari tabel `tb_rel_alternatif`
--

CREATE TABLE `tb_rel_alternatif` (
  `ID` int NOT NULL,
  `kode_alternatif` varchar(255) DEFAULT NULL,
  `kode_kriteria` varchar(255) DEFAULT NULL,
  `kode_sub` varchar(255) DEFAULT NULL
) ENGINE=InnoDB DEFAULT CHARSET=latin1;

--
-- Dumping data untuk tabel `tb_rel_alternatif`
--

INSERT INTO `tb_rel_alternatif` (`ID`, `kode_alternatif`, `kode_kriteria`, `kode_sub`) VALUES
(1719, 'M1', 'C1', 'C19'),
(1720, 'M1', 'C2', 'C24'),
(1721, 'M1', 'C3', 'C33'),
(1722, 'M1', 'C4', 'C42'),
(1723, 'M1', 'C5', 'C59'),
(1724, 'M1', 'C6', 'C64'),
(1725, 'M2', 'C1', 'C14'),
(1726, 'M2', 'C2', 'C22'),
(1727, 'M2', 'C3', 'C35'),
(1728, 'M2', 'C4', 'C41'),
(1729, 'M2', 'C5', 'C51'),
(1730, 'M2', 'C6', 'C63'),
(1731, 'M3', 'C1', 'C15'),
(1732, 'M3', 'C2', 'C29'),
(1733, 'M3', 'C3', 'C34'),
(1734, 'M3', 'C4', 'C47'),
(1735, 'M3', 'C5', 'C55'),
(1736, 'M3', 'C6', 'C61'),
(1737, 'M4', 'C1', 'C16'),
(1738, 'M4', 'C2', 'C28'),
(1739, 'M4', 'C3', 'C38'),
(1740, 'M4', 'C4', 'C49'),
(1741, 'M4', 'C5', 'C55'),
(1742, 'M4', 'C6', 'C65'),
(1743, 'M5', 'C1', 'C17'),
(1744, 'M5', 'C2', 'C24'),
(1745, 'M5', 'C3', 'C39'),
(1746, 'M5', 'C4', 'C49'),
(1747, 'M5', 'C5', 'C54'),
(1748, 'M5', 'C6', 'C67'),
(1749, 'M6', 'C1', 'C18'),
(1750, 'M6', 'C2', 'C21'),
(1751, 'M6', 'C3', 'C36'),
(1752, 'M6', 'C4', 'C44'),
(1753, 'M6', 'C5', 'C55'),
(1754, 'M6', 'C6', 'C66'),
(1755, 'M7', 'C1', 'C18'),
(1756, 'M7', 'C2', 'C25'),
(1757, 'M7', 'C3', 'C34'),
(1758, 'M7', 'C4', 'C49'),
(1759, 'M7', 'C5', 'C56'),
(1760, 'M7', 'C6', 'C67'),
(1773, 'I3', 'C1', 'C18'),
(1774, 'I3', 'C2', 'C28'),
(1775, 'I3', 'C3', 'C39'),
(1776, 'I3', 'C4', 'C49'),
(1777, 'I3', 'C5', 'C52'),
(1778, 'I3', 'C6', 'C61'),
(1779, 'I4', 'C1', 'C11'),
(1780, 'I4', 'C2', 'C27'),
(1781, 'I4', 'C3', 'C32'),
(1782, 'I4', 'C4', 'C49'),
(1783, 'I4', 'C5', 'C51'),
(1784, 'I4', 'C6', 'C63'),
(1785, 'I5', 'C1', 'C13'),
(1786, 'I5', 'C2', 'C28'),
(1787, 'I5', 'C3', 'C38'),
(1788, 'I5', 'C4', 'C48'),
(1789, 'I5', 'C5', 'C59'),
(1790, 'I5', 'C6', 'C69'),
(1791, 'I1', 'C1', 'C12'),
(1792, 'I1', 'C2', 'C24'),
(1793, 'I1', 'C3', 'C35'),
(1794, 'I1', 'C4', 'C43'),
(1795, 'I1', 'C5', 'C57'),
(1796, 'I1', 'C6', 'C69'),
(1797, 'I2', 'C1', 'C18'),
(1798, 'I2', 'C2', 'C24'),
(1799, 'I2', 'C3', 'C34'),
(1800, 'I2', 'C4', 'C42'),
(1801, 'I2', 'C5', 'C53'),
(1802, 'I2', 'C6', 'C67');

-- --------------------------------------------------------

--
-- Struktur dari tabel `tb_rel_kriteria`
--

CREATE TABLE `tb_rel_kriteria` (
  `ID` int NOT NULL,
  `ID1` varchar(16) DEFAULT NULL,
  `ID2` varchar(16) DEFAULT NULL,
  `nilai` double DEFAULT NULL
) ENGINE=InnoDB DEFAULT CHARSET=latin1;

--
-- Dumping data untuk tabel `tb_rel_kriteria`
--

INSERT INTO `tb_rel_kriteria` (`ID`, `ID1`, `ID2`, `nilai`) VALUES
(479, 'C6', 'C3', 0.2),
(480, 'C6', 'C4', 1),
(478, 'C6', 'C2', 0.333333333),
(477, 'C6', 'C1', 0.2),
(476, 'C4', 'C5', 0.333333333),
(471, 'C5', 'C4', 3),
(472, 'C5', 'C5', 1),
(473, 'C1', 'C5', 3),
(474, 'C2', 'C5', 1),
(475, 'C3', 'C5', 3),
(454, 'C2', 'C2', 1),
(455, 'C1', 'C2', 3),
(456, 'C3', 'C1', 1),
(457, 'C3', 'C2', 3),
(458, 'C3', 'C3', 1),
(459, 'C1', 'C3', 1),
(460, 'C2', 'C3', 0.333333333),
(461, 'C4', 'C1', 0.2),
(462, 'C4', 'C2', 0.333333333),
(463, 'C4', 'C3', 0.2),
(464, 'C4', 'C4', 1),
(465, 'C1', 'C4', 5),
(466, 'C2', 'C4', 3),
(467, 'C3', 'C4', 5),
(468, 'C5', 'C1', 0.333333333),
(469, 'C5', 'C2', 1),
(470, 'C5', 'C3', 0.333333333),
(452, 'C1', 'C1', 1),
(453, 'C2', 'C1', 0.333333333),
(481, 'C6', 'C5', 0.333333333),
(482, 'C6', 'C6', 1),
(483, 'C1', 'C6', 5),
(484, 'C2', 'C6', 3),
(485, 'C3', 'C6', 5),
(486, 'C4', 'C6', 1),
(487, 'C5', 'C6', 3);

-- --------------------------------------------------------

--
-- Struktur dari tabel `tb_rel_sub`
--

CREATE TABLE `tb_rel_sub` (
  `ID` int NOT NULL,
  `ID1` varchar(255) DEFAULT NULL,
  `ID2` varchar(255) DEFAULT NULL,
  `nilai` double DEFAULT NULL,
  `bobot` double DEFAULT NULL
) ENGINE=InnoDB DEFAULT CHARSET=latin1;

--
-- Dumping data untuk tabel `tb_rel_sub`
--

INSERT INTO `tb_rel_sub` (`ID`, `ID1`, `ID2`, `nilai`, `bobot`) VALUES
(5955, 'C32', 'C16', 1, NULL),
(5954, 'C32', 'C15', 1, NULL),
(5953, 'C32', 'C14', 1, NULL),
(5952, 'C32', 'C13', 1, NULL),
(5951, 'C32', 'C12', 1, NULL),
(5950, 'C32', 'C11', 1, NULL),
(5949, 'C29', 'C31', 1, NULL),
(5948, 'C28', 'C31', 1, NULL),
(5947, 'C27', 'C31', 1, NULL),
(5946, 'C26', 'C31', 1, NULL),
(5945, 'C25', 'C31', 1, NULL),
(5874, 'C24', 'C28', 5, NULL),
(5873, 'C23', 'C28', 6, NULL),
(5872, 'C22', 'C28', 7, NULL),
(5871, 'C21', 'C28', 8, NULL),
(5944, 'C24', 'C31', 1, NULL),
(5943, 'C23', 'C31', 1, NULL),
(5942, 'C22', 'C31', 1, NULL),
(5941, 'C21', 'C31', 1, NULL),
(5870, 'C19', 'C28', 1, NULL),
(5940, 'C19', 'C31', 1, NULL),
(5939, 'C18', 'C31', 1, NULL),
(5938, 'C17', 'C31', 1, NULL),
(5745, 'C24', 'C24', 1, NULL),
(5746, 'C11', 'C24', 1, NULL),
(5747, 'C12', 'C24', 1, NULL),
(5748, 'C13', 'C24', 1, NULL),
(5749, 'C14', 'C24', 1, NULL),
(5750, 'C15', 'C24', 1, NULL),
(5751, 'C16', 'C24', 1, NULL),
(5752, 'C17', 'C24', 1, NULL),
(5753, 'C18', 'C24', 1, NULL),
(5754, 'C19', 'C24', 1, NULL),
(5755, 'C21', 'C24', 4, NULL),
(5756, 'C22', 'C24', 3, NULL),
(5937, 'C16', 'C31', 1, NULL),
(5869, 'C18', 'C28', 1, NULL),
(5867, 'C16', 'C28', 1, NULL),
(5868, 'C17', 'C28', 1, NULL),
(5866, 'C15', 'C28', 1, NULL),
(5865, 'C14', 'C28', 1, NULL),
(5864, 'C13', 'C28', 1, NULL),
(5863, 'C12', 'C28', 1, NULL),
(5862, 'C11', 'C28', 1, NULL),
(5861, 'C28', 'C28', 1, NULL),
(5860, 'C28', 'C27', 0.5, NULL),
(5744, 'C24', 'C23', 0.5, NULL),
(5777, 'C16', 'C25', 1, NULL),
(5776, 'C15', 'C25', 1, NULL),
(5743, 'C24', 'C22', 0.333333333, NULL),
(5737, 'C24', 'C15', 1, NULL),
(5738, 'C24', 'C16', 1, NULL),
(5739, 'C24', 'C17', 1, NULL),
(5740, 'C24', 'C18', 1, NULL),
(5741, 'C24', 'C19', 1, NULL),
(5742, 'C24', 'C21', 0.25, NULL),
(5859, 'C28', 'C26', 0.333333333, NULL),
(5858, 'C28', 'C25', 0.25, NULL),
(5857, 'C28', 'C24', 0.2, NULL),
(5936, 'C15', 'C31', 1, NULL),
(5856, 'C28', 'C23', 0.166666666, NULL),
(5855, 'C28', 'C22', 0.142857142, NULL),
(5935, 'C14', 'C31', 1, NULL),
(5934, 'C13', 'C31', 1, NULL),
(5933, 'C12', 'C31', 1, NULL),
(5932, 'C11', 'C31', 1, NULL),
(5726, 'C15', 'C23', 1, NULL),
(5727, 'C16', 'C23', 1, NULL),
(5728, 'C17', 'C23', 1, NULL),
(5729, 'C18', 'C23', 1, NULL),
(5730, 'C19', 'C23', 1, NULL),
(5731, 'C21', 'C23', 3, NULL),
(5732, 'C22', 'C23', 2, NULL),
(5733, 'C24', 'C11', 1, NULL),
(5734, 'C24', 'C12', 1, NULL),
(5735, 'C24', 'C13', 1, NULL),
(5736, 'C24', 'C14', 1, NULL),
(5725, 'C14', 'C23', 1, NULL),
(5724, 'C13', 'C23', 1, NULL),
(5723, 'C12', 'C23', 1, NULL),
(5720, 'C23', 'C22', 0.5, NULL),
(5721, 'C23', 'C23', 1, NULL),
(5722, 'C11', 'C23', 1, NULL),
(5853, 'C28', 'C19', 1, NULL),
(5854, 'C28', 'C21', 0.125, NULL),
(5852, 'C28', 'C18', 1, NULL),
(5851, 'C28', 'C17', 1, NULL),
(5850, 'C28', 'C16', 1, NULL),
(5931, 'C31', 'C31', 1, NULL),
(5930, 'C31', 'C29', 1, NULL),
(5929, 'C31', 'C28', 1, NULL),
(5928, 'C31', 'C27', 1, NULL),
(5927, 'C31', 'C26', 1, NULL),
(5849, 'C28', 'C15', 1, NULL),
(5848, 'C28', 'C14', 1, NULL),
(5847, 'C28', 'C13', 1, NULL),
(5846, 'C28', 'C12', 1, NULL),
(5926, 'C31', 'C25', 1, NULL),
(5925, 'C31', 'C24', 1, NULL),
(5924, 'C31', 'C23', 1, NULL),
(5923, 'C31', 'C22', 1, NULL),
(5922, 'C31', 'C21', 1, NULL),
(5921, 'C31', 'C19', 1, NULL),
(5920, 'C31', 'C18', 1, NULL),
(5919, 'C31', 'C17', 1, NULL),
(5918, 'C31', 'C16', 1, NULL),
(5917, 'C31', 'C15', 1, NULL),
(5916, 'C31', 'C14', 1, NULL),
(5915, 'C31', 'C13', 1, NULL),
(5914, 'C31', 'C12', 1, NULL),
(5913, 'C31', 'C11', 1, NULL),
(5912, 'C28', 'C29', 2, NULL),
(5911, 'C27', 'C29', 3, NULL),
(5910, 'C26', 'C29', 4, NULL),
(5909, 'C25', 'C29', 5, NULL),
(5845, 'C28', 'C11', 1, NULL),
(5908, 'C24', 'C29', 6, NULL),
(5844, 'C26', 'C27', 2, NULL),
(5843, 'C25', 'C27', 3, NULL),
(5842, 'C24', 'C27', 4, NULL),
(5841, 'C23', 'C27', 5, NULL),
(5840, 'C22', 'C27', 6, NULL),
(5839, 'C21', 'C27', 7, NULL),
(5838, 'C19', 'C27', 1, NULL),
(5837, 'C18', 'C27', 1, NULL),
(5835, 'C16', 'C27', 1, NULL),
(5836, 'C17', 'C27', 1, NULL),
(5775, 'C14', 'C25', 1, NULL),
(5774, 'C13', 'C25', 1, NULL),
(5769, 'C25', 'C23', 0.333333333, NULL),
(5770, 'C25', 'C24', 0.5, NULL),
(5771, 'C25', 'C25', 1, NULL),
(5772, 'C11', 'C25', 1, NULL),
(5773, 'C12', 'C25', 1, NULL),
(5907, 'C23', 'C29', 7, NULL),
(5906, 'C22', 'C29', 8, NULL),
(5905, 'C21', 'C29', 9, NULL),
(5904, 'C19', 'C29', 1, NULL),
(5903, 'C18', 'C29', 1, NULL),
(5902, 'C17', 'C29', 1, NULL),
(5901, 'C16', 'C29', 1, NULL),
(5768, 'C25', 'C22', 0.25, NULL),
(5767, 'C25', 'C21', 0.2, NULL),
(5719, 'C23', 'C21', 0.333333333, NULL),
(5718, 'C23', 'C19', 1, NULL),
(5678, 'C21', 'C19', 1, NULL),
(5679, 'C21', 'C21', 1, NULL),
(5680, 'C11', 'C21', 1, NULL),
(5681, 'C12', 'C21', 1, NULL),
(5682, 'C13', 'C21', 1, NULL),
(5683, 'C14', 'C21', 1, NULL),
(5684, 'C15', 'C21', 1, NULL),
(5685, 'C16', 'C21', 1, NULL),
(5686, 'C17', 'C21', 1, NULL),
(5687, 'C18', 'C21', 1, NULL),
(5688, 'C19', 'C21', 1, NULL),
(5689, 'C22', 'C11', 1, NULL),
(5690, 'C22', 'C12', 1, NULL),
(5691, 'C22', 'C13', 1, NULL),
(5692, 'C22', 'C14', 1, NULL),
(5693, 'C22', 'C15', 1, NULL),
(5694, 'C22', 'C16', 1, NULL),
(5695, 'C22', 'C17', 1, NULL),
(5696, 'C22', 'C18', 1, NULL),
(5697, 'C22', 'C19', 1, NULL),
(5698, 'C22', 'C21', 0.5, NULL),
(5699, 'C22', 'C22', 1, NULL),
(5700, 'C11', 'C22', 1, NULL),
(5701, 'C12', 'C22', 1, NULL),
(5702, 'C13', 'C22', 1, NULL),
(5703, 'C14', 'C22', 1, NULL),
(5704, 'C15', 'C22', 1, NULL),
(5705, 'C16', 'C22', 1, NULL),
(5706, 'C17', 'C22', 1, NULL),
(5707, 'C18', 'C22', 1, NULL),
(5708, 'C19', 'C22', 1, NULL),
(5709, 'C21', 'C22', 2, NULL),
(5710, 'C23', 'C11', 1, NULL),
(5711, 'C23', 'C12', 1, NULL),
(5712, 'C23', 'C13', 1, NULL),
(5713, 'C23', 'C14', 1, NULL),
(5714, 'C23', 'C15', 1, NULL),
(5715, 'C23', 'C16', 1, NULL),
(5716, 'C23', 'C17', 1, NULL),
(5717, 'C23', 'C18', 1, NULL),
(5677, 'C21', 'C18', 1, NULL),
(5676, 'C21', 'C17', 1, NULL),
(5675, 'C21', 'C16', 1, NULL),
(5669, 'C18', 'C19', 2, NULL),
(5670, 'C21', 'C11', 1, NULL),
(5671, 'C21', 'C12', 1, NULL),
(5672, 'C21', 'C13', 1, NULL),
(5673, 'C21', 'C14', 1, NULL),
(5674, 'C21', 'C15', 1, NULL),
(5668, 'C17', 'C19', 3, NULL),
(5658, 'C19', 'C16', 0.25, NULL),
(5659, 'C19', 'C17', 0.333333333, NULL),
(5660, 'C19', 'C18', 0.5, NULL),
(5661, 'C19', 'C19', 1, NULL),
(5662, 'C11', 'C19', 9, NULL),
(5663, 'C12', 'C19', 8, NULL),
(5664, 'C13', 'C19', 7, NULL),
(5665, 'C14', 'C19', 6, NULL),
(5666, 'C15', 'C19', 5, NULL),
(5667, 'C16', 'C19', 4, NULL),
(5653, 'C19', 'C11', 0.111111111, NULL),
(5654, 'C19', 'C12', 0.125, NULL),
(5655, 'C19', 'C13', 0.142857142, NULL),
(5656, 'C19', 'C14', 0.166666666, NULL),
(5657, 'C19', 'C15', 0.2, NULL),
(5652, 'C17', 'C18', 2, NULL),
(5647, 'C12', 'C18', 7, NULL),
(5648, 'C13', 'C18', 6, NULL),
(5649, 'C14', 'C18', 5, NULL),
(5650, 'C15', 'C18', 4, NULL),
(5651, 'C16', 'C18', 3, NULL),
(5646, 'C11', 'C18', 8, NULL),
(5645, 'C18', 'C18', 1, NULL),
(5644, 'C18', 'C17', 0.5, NULL),
(5643, 'C18', 'C16', 0.333333333, NULL),
(5642, 'C18', 'C15', 0.25, NULL),
(5641, 'C18', 'C14', 0.2, NULL),
(5640, 'C18', 'C13', 0.166666666, NULL),
(5639, 'C18', 'C12', 0.142857142, NULL),
(5638, 'C18', 'C11', 0.125, NULL),
(5628, 'C17', 'C14', 0.25, NULL),
(5629, 'C17', 'C15', 0.333333333, NULL),
(5630, 'C17', 'C16', 0.5, NULL),
(5631, 'C17', 'C17', 1, NULL),
(5632, 'C11', 'C17', 7, NULL),
(5633, 'C12', 'C17', 6, NULL),
(5634, 'C13', 'C17', 5, NULL),
(5635, 'C14', 'C17', 4, NULL),
(5636, 'C15', 'C17', 3, NULL),
(5637, 'C16', 'C17', 2, NULL),
(5623, 'C14', 'C16', 3, NULL),
(5624, 'C15', 'C16', 2, NULL),
(5625, 'C17', 'C11', 0.142857142, NULL),
(5626, 'C17', 'C12', 0.166666666, NULL),
(5627, 'C17', 'C13', 0.2, NULL),
(5622, 'C13', 'C16', 4, NULL),
(5621, 'C12', 'C16', 5, NULL),
(5620, 'C11', 'C16', 6, NULL),
(5619, 'C16', 'C16', 1, NULL),
(5618, 'C16', 'C15', 0.5, NULL),
(5617, 'C16', 'C14', 0.333333333, NULL),
(5616, 'C16', 'C13', 0.25, NULL),
(5615, 'C16', 'C12', 0.2, NULL),
(5614, 'C16', 'C11', 0.166666666, NULL),
(5613, 'C14', 'C15', 2, NULL),
(5608, 'C15', 'C14', 0.5, NULL),
(5609, 'C15', 'C15', 1, NULL),
(5610, 'C11', 'C15', 5, NULL),
(5611, 'C12', 'C15', 4, NULL),
(5612, 'C13', 'C15', 3, NULL),
(5900, 'C15', 'C29', 1, NULL),
(5899, 'C14', 'C29', 1, NULL),
(5898, 'C13', 'C29', 1, NULL),
(5897, 'C12', 'C29', 1, NULL),
(5896, 'C11', 'C29', 1, NULL),
(5895, 'C29', 'C29', 1, NULL),
(5894, 'C29', 'C28', 0.5, NULL),
(5893, 'C29', 'C27', 0.333333333, NULL),
(5892, 'C29', 'C26', 0.25, NULL),
(5891, 'C29', 'C25', 0.2, NULL),
(5834, 'C15', 'C27', 1, NULL),
(5833, 'C14', 'C27', 1, NULL),
(5832, 'C13', 'C27', 1, NULL),
(5831, 'C12', 'C27', 1, NULL),
(5830, 'C11', 'C27', 1, NULL),
(5829, 'C27', 'C27', 1, NULL),
(5828, 'C27', 'C26', 0.5, NULL),
(5827, 'C27', 'C25', 0.333333333, NULL),
(5826, 'C27', 'C24', 0.25, NULL),
(5825, 'C27', 'C23', 0.2, NULL),
(5824, 'C27', 'C22', 0.166666666, NULL),
(5822, 'C27', 'C19', 1, NULL),
(5823, 'C27', 'C21', 0.142857142, NULL),
(5821, 'C27', 'C18', 1, NULL),
(5890, 'C29', 'C24', 0.166666666, NULL),
(5820, 'C27', 'C17', 1, NULL),
(5819, 'C27', 'C16', 1, NULL),
(5818, 'C27', 'C15', 1, NULL),
(5817, 'C27', 'C14', 1, NULL),
(5815, 'C27', 'C12', 1, NULL),
(5816, 'C27', 'C13', 1, NULL),
(5814, 'C27', 'C11', 1, NULL),
(5813, 'C25', 'C26', 2, NULL),
(5812, 'C24', 'C26', 3, NULL),
(5889, 'C29', 'C23', 0.142857142, NULL),
(5811, 'C23', 'C26', 4, NULL),
(5810, 'C22', 'C26', 5, NULL),
(5888, 'C29', 'C22', 0.125, NULL),
(5887, 'C29', 'C21', 0.111111111, NULL),
(5886, 'C29', 'C19', 1, NULL),
(5885, 'C29', 'C18', 1, NULL),
(5766, 'C25', 'C19', 1, NULL),
(5765, 'C25', 'C18', 1, NULL),
(5764, 'C25', 'C17', 1, NULL),
(5761, 'C25', 'C14', 1, NULL),
(5762, 'C25', 'C15', 1, NULL),
(5763, 'C25', 'C16', 1, NULL),
(5760, 'C25', 'C13', 1, NULL),
(5759, 'C25', 'C12', 1, NULL),
(5758, 'C25', 'C11', 1, NULL),
(5757, 'C23', 'C24', 2, NULL),
(5607, 'C15', 'C13', 0.333333333, NULL),
(5606, 'C15', 'C12', 0.25, NULL),
(5605, 'C15', 'C11', 0.2, NULL),
(5604, 'C13', 'C14', 2, NULL),
(5589, 'C11', 'C11', 1, NULL),
(5590, 'C12', 'C11', 0.5, NULL),
(5591, 'C12', 'C12', 1, NULL),
(5592, 'C11', 'C12', 2, NULL),
(5593, 'C13', 'C11', 0.333333333, NULL),
(5594, 'C13', 'C12', 0.5, NULL),
(5595, 'C13', 'C13', 1, NULL),
(5596, 'C11', 'C13', 3, NULL),
(5597, 'C12', 'C13', 2, NULL),
(5598, 'C14', 'C11', 0.25, NULL),
(5599, 'C14', 'C12', 0.333333333, NULL),
(5600, 'C14', 'C13', 0.5, NULL),
(5601, 'C14', 'C14', 1, NULL),
(5602, 'C11', 'C14', 4, NULL),
(5603, 'C12', 'C14', 3, NULL),
(5884, 'C29', 'C17', 1, NULL),
(5883, 'C29', 'C16', 1, NULL),
(5809, 'C21', 'C26', 6, NULL),
(5808, 'C19', 'C26', 1, NULL),
(5807, 'C18', 'C26', 1, NULL),
(5806, 'C17', 'C26', 1, NULL),
(5805, 'C16', 'C26', 1, NULL),
(5804, 'C15', 'C26', 1, NULL),
(5803, 'C14', 'C26', 1, NULL),
(5802, 'C13', 'C26', 1, NULL),
(5801, 'C12', 'C26', 1, NULL),
(5800, 'C11', 'C26', 1, NULL),
(5799, 'C26', 'C26', 1, NULL),
(5798, 'C26', 'C25', 0.5, NULL),
(5797, 'C26', 'C24', 0.333333333, NULL),
(5882, 'C29', 'C15', 1, NULL),
(5881, 'C29', 'C14', 1, NULL),
(5880, 'C29', 'C13', 1, NULL),
(5879, 'C29', 'C12', 1, NULL),
(5796, 'C26', 'C23', 0.25, NULL),
(5795, 'C26', 'C22', 0.2, NULL),
(5794, 'C26', 'C21', 0.166666666, NULL),
(5793, 'C26', 'C19', 1, NULL),
(5792, 'C26', 'C18', 1, NULL),
(5791, 'C26', 'C17', 1, NULL),
(5790, 'C26', 'C16', 1, NULL),
(5789, 'C26', 'C15', 1, NULL),
(5788, 'C26', 'C14', 1, NULL),
(5787, 'C26', 'C13', 1, NULL),
(5786, 'C26', 'C12', 1, NULL),
(5785, 'C26', 'C11', 1, NULL),
(5784, 'C24', 'C25', 2, NULL),
(5783, 'C23', 'C25', 3, NULL),
(5782, 'C22', 'C25', 4, NULL),
(5878, 'C29', 'C11', 1, NULL),
(5877, 'C27', 'C28', 2, NULL),
(5876, 'C26', 'C28', 3, NULL),
(5875, 'C25', 'C28', 4, NULL),
(5781, 'C21', 'C25', 5, NULL),
(5780, 'C19', 'C25', 1, NULL),
(5779, 'C18', 'C25', 1, NULL),
(5778, 'C17', 'C25', 1, NULL),
(5956, 'C32', 'C17', 1, NULL),
(5957, 'C32', 'C18', 1, NULL),
(5958, 'C32', 'C19', 1, NULL),
(5959, 'C32', 'C21', 1, NULL),
(5960, 'C32', 'C22', 1, NULL),
(5961, 'C32', 'C23', 1, NULL),
(5962, 'C32', 'C24', 1, NULL),
(5963, 'C32', 'C25', 1, NULL),
(5964, 'C32', 'C26', 1, NULL),
(5965, 'C32', 'C27', 1, NULL),
(5966, 'C32', 'C28', 1, NULL),
(5967, 'C32', 'C29', 1, NULL),
(5968, 'C32', 'C31', 0.5, NULL),
(5969, 'C32', 'C32', 1, NULL),
(5970, 'C11', 'C32', 1, NULL),
(5971, 'C12', 'C32', 1, NULL),
(5972, 'C13', 'C32', 1, NULL),
(5973, 'C14', 'C32', 1, NULL),
(5974, 'C15', 'C32', 1, NULL),
(5975, 'C16', 'C32', 1, NULL),
(5976, 'C17', 'C32', 1, NULL),
(5977, 'C18', 'C32', 1, NULL),
(5978, 'C19', 'C32', 1, NULL),
(5979, 'C21', 'C32', 1, NULL),
(5980, 'C22', 'C32', 1, NULL),
(5981, 'C23', 'C32', 1, NULL),
(5982, 'C24', 'C32', 1, NULL),
(5983, 'C25', 'C32', 1, NULL),
(5984, 'C26', 'C32', 1, NULL),
(5985, 'C27', 'C32', 1, NULL),
(5986, 'C28', 'C32', 1, NULL),
(5987, 'C29', 'C32', 1, NULL),
(5988, 'C31', 'C32', 2, NULL),
(5989, 'C33', 'C11', 1, NULL),
(5990, 'C33', 'C12', 1, NULL),
(5991, 'C33', 'C13', 1, NULL),
(5992, 'C33', 'C14', 1, NULL),
(5993, 'C33', 'C15', 1, NULL),
(5994, 'C33', 'C16', 1, NULL),
(5995, 'C33', 'C17', 1, NULL),
(5996, 'C33', 'C18', 1, NULL),
(5997, 'C33', 'C19', 1, NULL),
(5998, 'C33', 'C21', 1, NULL),
(5999, 'C33', 'C22', 1, NULL),
(6000, 'C33', 'C23', 1, NULL),
(6001, 'C33', 'C24', 1, NULL),
(6002, 'C33', 'C25', 1, NULL),
(6003, 'C33', 'C26', 1, NULL),
(6004, 'C33', 'C27', 1, NULL),
(6005, 'C33', 'C28', 1, NULL),
(6006, 'C33', 'C29', 1, NULL),
(6007, 'C33', 'C31', 0.333333333, NULL),
(6008, 'C33', 'C32', 0.5, NULL),
(6009, 'C33', 'C33', 1, NULL),
(6010, 'C11', 'C33', 1, NULL),
(6011, 'C12', 'C33', 1, NULL),
(6012, 'C13', 'C33', 1, NULL),
(6013, 'C14', 'C33', 1, NULL),
(6014, 'C15', 'C33', 1, NULL),
(6015, 'C16', 'C33', 1, NULL),
(6016, 'C17', 'C33', 1, NULL),
(6017, 'C18', 'C33', 1, NULL),
(6018, 'C19', 'C33', 1, NULL),
(6019, 'C21', 'C33', 1, NULL),
(6020, 'C22', 'C33', 1, NULL),
(6021, 'C23', 'C33', 1, NULL),
(6022, 'C24', 'C33', 1, NULL),
(6023, 'C25', 'C33', 1, NULL),
(6024, 'C26', 'C33', 1, NULL),
(6025, 'C27', 'C33', 1, NULL),
(6026, 'C28', 'C33', 1, NULL),
(6027, 'C29', 'C33', 1, NULL),
(6028, 'C31', 'C33', 3, NULL),
(6029, 'C32', 'C33', 2, NULL),
(6030, 'C34', 'C11', 1, NULL),
(6031, 'C34', 'C12', 1, NULL),
(6032, 'C34', 'C13', 1, NULL),
(6033, 'C34', 'C14', 1, NULL),
(6034, 'C34', 'C15', 1, NULL),
(6035, 'C34', 'C16', 1, NULL),
(6036, 'C34', 'C17', 1, NULL),
(6037, 'C34', 'C18', 1, NULL),
(6038, 'C34', 'C19', 1, NULL),
(6039, 'C34', 'C21', 1, NULL),
(6040, 'C34', 'C22', 1, NULL),
(6041, 'C34', 'C23', 1, NULL),
(6042, 'C34', 'C24', 1, NULL),
(6043, 'C34', 'C25', 1, NULL),
(6044, 'C34', 'C26', 1, NULL),
(6045, 'C34', 'C27', 1, NULL),
(6046, 'C34', 'C28', 1, NULL),
(6047, 'C34', 'C29', 1, NULL),
(6048, 'C34', 'C31', 0.25, NULL),
(6049, 'C34', 'C32', 0.333333333, NULL),
(6050, 'C34', 'C33', 0.5, NULL),
(6051, 'C34', 'C34', 1, NULL),
(6052, 'C11', 'C34', 1, NULL),
(6053, 'C12', 'C34', 1, NULL),
(6054, 'C13', 'C34', 1, NULL),
(6055, 'C14', 'C34', 1, NULL),
(6056, 'C15', 'C34', 1, NULL),
(6057, 'C16', 'C34', 1, NULL),
(6058, 'C17', 'C34', 1, NULL),
(6059, 'C18', 'C34', 1, NULL),
(6060, 'C19', 'C34', 1, NULL),
(6061, 'C21', 'C34', 1, NULL),
(6062, 'C22', 'C34', 1, NULL),
(6063, 'C23', 'C34', 1, NULL),
(6064, 'C24', 'C34', 1, NULL),
(6065, 'C25', 'C34', 1, NULL),
(6066, 'C26', 'C34', 1, NULL),
(6067, 'C27', 'C34', 1, NULL),
(6068, 'C28', 'C34', 1, NULL),
(6069, 'C29', 'C34', 1, NULL),
(6070, 'C31', 'C34', 4, NULL),
(6071, 'C32', 'C34', 3, NULL),
(6072, 'C33', 'C34', 2, NULL),
(6073, 'C35', 'C11', 1, NULL),
(6074, 'C35', 'C12', 1, NULL),
(6075, 'C35', 'C13', 1, NULL),
(6076, 'C35', 'C14', 1, NULL),
(6077, 'C35', 'C15', 1, NULL),
(6078, 'C35', 'C16', 1, NULL),
(6079, 'C35', 'C17', 1, NULL),
(6080, 'C35', 'C18', 1, NULL),
(6081, 'C35', 'C19', 1, NULL),
(6082, 'C35', 'C21', 1, NULL),
(6083, 'C35', 'C22', 1, NULL),
(6084, 'C35', 'C23', 1, NULL),
(6085, 'C35', 'C24', 1, NULL),
(6086, 'C35', 'C25', 1, NULL),
(6087, 'C35', 'C26', 1, NULL),
(6088, 'C35', 'C27', 1, NULL),
(6089, 'C35', 'C28', 1, NULL),
(6090, 'C35', 'C29', 1, NULL),
(6091, 'C35', 'C31', 0.2, NULL),
(6092, 'C35', 'C32', 0.25, NULL),
(6093, 'C35', 'C33', 0.333333333, NULL),
(6094, 'C35', 'C34', 0.5, NULL),
(6095, 'C35', 'C35', 1, NULL),
(6096, 'C11', 'C35', 1, NULL),
(6097, 'C12', 'C35', 1, NULL),
(6098, 'C13', 'C35', 1, NULL),
(6099, 'C14', 'C35', 1, NULL),
(6100, 'C15', 'C35', 1, NULL),
(6101, 'C16', 'C35', 1, NULL),
(6102, 'C17', 'C35', 1, NULL),
(6103, 'C18', 'C35', 1, NULL),
(6104, 'C19', 'C35', 1, NULL),
(6105, 'C21', 'C35', 1, NULL),
(6106, 'C22', 'C35', 1, NULL),
(6107, 'C23', 'C35', 1, NULL),
(6108, 'C24', 'C35', 1, NULL),
(6109, 'C25', 'C35', 1, NULL),
(6110, 'C26', 'C35', 1, NULL),
(6111, 'C27', 'C35', 1, NULL),
(6112, 'C28', 'C35', 1, NULL),
(6113, 'C29', 'C35', 1, NULL),
(6114, 'C31', 'C35', 5, NULL),
(6115, 'C32', 'C35', 4, NULL),
(6116, 'C33', 'C35', 3, NULL),
(6117, 'C34', 'C35', 2, NULL),
(6118, 'C36', 'C11', 1, NULL),
(6119, 'C36', 'C12', 1, NULL),
(6120, 'C36', 'C13', 1, NULL),
(6121, 'C36', 'C14', 1, NULL),
(6122, 'C36', 'C15', 1, NULL),
(6123, 'C36', 'C16', 1, NULL),
(6124, 'C36', 'C17', 1, NULL),
(6125, 'C36', 'C18', 1, NULL),
(6126, 'C36', 'C19', 1, NULL),
(6127, 'C36', 'C21', 1, NULL),
(6128, 'C36', 'C22', 1, NULL),
(6129, 'C36', 'C23', 1, NULL),
(6130, 'C36', 'C24', 1, NULL),
(6131, 'C36', 'C25', 1, NULL),
(6132, 'C36', 'C26', 1, NULL),
(6133, 'C36', 'C27', 1, NULL),
(6134, 'C36', 'C28', 1, NULL),
(6135, 'C36', 'C29', 1, NULL),
(6136, 'C36', 'C31', 0.166666666, NULL),
(6137, 'C36', 'C32', 0.2, NULL),
(6138, 'C36', 'C33', 0.25, NULL),
(6139, 'C36', 'C34', 0.333333333, NULL),
(6140, 'C36', 'C35', 0.5, NULL),
(6141, 'C36', 'C36', 1, NULL),
(6142, 'C11', 'C36', 1, NULL),
(6143, 'C12', 'C36', 1, NULL),
(6144, 'C13', 'C36', 1, NULL),
(6145, 'C14', 'C36', 1, NULL),
(6146, 'C15', 'C36', 1, NULL),
(6147, 'C16', 'C36', 1, NULL),
(6148, 'C17', 'C36', 1, NULL),
(6149, 'C18', 'C36', 1, NULL),
(6150, 'C19', 'C36', 1, NULL),
(6151, 'C21', 'C36', 1, NULL),
(6152, 'C22', 'C36', 1, NULL),
(6153, 'C23', 'C36', 1, NULL),
(6154, 'C24', 'C36', 1, NULL),
(6155, 'C25', 'C36', 1, NULL),
(6156, 'C26', 'C36', 1, NULL),
(6157, 'C27', 'C36', 1, NULL),
(6158, 'C28', 'C36', 1, NULL),
(6159, 'C29', 'C36', 1, NULL),
(6160, 'C31', 'C36', 6, NULL),
(6161, 'C32', 'C36', 5, NULL),
(6162, 'C33', 'C36', 4, NULL),
(6163, 'C34', 'C36', 3, NULL),
(6164, 'C35', 'C36', 2, NULL),
(6165, 'C37', 'C11', 1, NULL),
(6166, 'C37', 'C12', 1, NULL),
(6167, 'C37', 'C13', 1, NULL),
(6168, 'C37', 'C14', 1, NULL),
(6169, 'C37', 'C15', 1, NULL),
(6170, 'C37', 'C16', 1, NULL),
(6171, 'C37', 'C17', 1, NULL),
(6172, 'C37', 'C18', 1, NULL),
(6173, 'C37', 'C19', 1, NULL),
(6174, 'C37', 'C21', 1, NULL),
(6175, 'C37', 'C22', 1, NULL),
(6176, 'C37', 'C23', 1, NULL),
(6177, 'C37', 'C24', 1, NULL),
(6178, 'C37', 'C25', 1, NULL),
(6179, 'C37', 'C26', 1, NULL),
(6180, 'C37', 'C27', 1, NULL),
(6181, 'C37', 'C28', 1, NULL),
(6182, 'C37', 'C29', 1, NULL),
(6183, 'C37', 'C31', 0.142857142, NULL),
(6184, 'C37', 'C32', 0.166666666, NULL),
(6185, 'C37', 'C33', 0.2, NULL),
(6186, 'C37', 'C34', 0.25, NULL),
(6187, 'C37', 'C35', 0.333333333, NULL),
(6188, 'C37', 'C36', 0.5, NULL),
(6189, 'C37', 'C37', 1, NULL),
(6190, 'C11', 'C37', 1, NULL),
(6191, 'C12', 'C37', 1, NULL),
(6192, 'C13', 'C37', 1, NULL),
(6193, 'C14', 'C37', 1, NULL),
(6194, 'C15', 'C37', 1, NULL),
(6195, 'C16', 'C37', 1, NULL),
(6196, 'C17', 'C37', 1, NULL),
(6197, 'C18', 'C37', 1, NULL),
(6198, 'C19', 'C37', 1, NULL),
(6199, 'C21', 'C37', 1, NULL),
(6200, 'C22', 'C37', 1, NULL),
(6201, 'C23', 'C37', 1, NULL),
(6202, 'C24', 'C37', 1, NULL),
(6203, 'C25', 'C37', 1, NULL),
(6204, 'C26', 'C37', 1, NULL),
(6205, 'C27', 'C37', 1, NULL),
(6206, 'C28', 'C37', 1, NULL),
(6207, 'C29', 'C37', 1, NULL),
(6208, 'C31', 'C37', 7, NULL),
(6209, 'C32', 'C37', 6, NULL),
(6210, 'C33', 'C37', 5, NULL),
(6211, 'C34', 'C37', 4, NULL),
(6212, 'C35', 'C37', 3, NULL),
(6213, 'C36', 'C37', 2, NULL),
(6214, 'C38', 'C11', 1, NULL),
(6215, 'C38', 'C12', 1, NULL),
(6216, 'C38', 'C13', 1, NULL),
(6217, 'C38', 'C14', 1, NULL),
(6218, 'C38', 'C15', 1, NULL),
(6219, 'C38', 'C16', 1, NULL),
(6220, 'C38', 'C17', 1, NULL),
(6221, 'C38', 'C18', 1, NULL),
(6222, 'C38', 'C19', 1, NULL),
(6223, 'C38', 'C21', 1, NULL),
(6224, 'C38', 'C22', 1, NULL),
(6225, 'C38', 'C23', 1, NULL),
(6226, 'C38', 'C24', 1, NULL),
(6227, 'C38', 'C25', 1, NULL),
(6228, 'C38', 'C26', 1, NULL),
(6229, 'C38', 'C27', 1, NULL),
(6230, 'C38', 'C28', 1, NULL),
(6231, 'C38', 'C29', 1, NULL),
(6232, 'C38', 'C31', 0.125, NULL),
(6233, 'C38', 'C32', 0.142857142, NULL),
(6234, 'C38', 'C33', 0.166666666, NULL),
(6235, 'C38', 'C34', 0.2, NULL),
(6236, 'C38', 'C35', 0.25, NULL),
(6237, 'C38', 'C36', 0.333333333, NULL),
(6238, 'C38', 'C37', 0.5, NULL),
(6239, 'C38', 'C38', 1, NULL),
(6240, 'C11', 'C38', 1, NULL),
(6241, 'C12', 'C38', 1, NULL),
(6242, 'C13', 'C38', 1, NULL),
(6243, 'C14', 'C38', 1, NULL),
(6244, 'C15', 'C38', 1, NULL),
(6245, 'C16', 'C38', 1, NULL),
(6246, 'C17', 'C38', 1, NULL),
(6247, 'C18', 'C38', 1, NULL),
(6248, 'C19', 'C38', 1, NULL),
(6249, 'C21', 'C38', 1, NULL),
(6250, 'C22', 'C38', 1, NULL),
(6251, 'C23', 'C38', 1, NULL),
(6252, 'C24', 'C38', 1, NULL),
(6253, 'C25', 'C38', 1, NULL),
(6254, 'C26', 'C38', 1, NULL),
(6255, 'C27', 'C38', 1, NULL),
(6256, 'C28', 'C38', 1, NULL),
(6257, 'C29', 'C38', 1, NULL),
(6258, 'C31', 'C38', 8, NULL),
(6259, 'C32', 'C38', 7, NULL),
(6260, 'C33', 'C38', 6, NULL),
(6261, 'C34', 'C38', 5, NULL),
(6262, 'C35', 'C38', 4, NULL),
(6263, 'C36', 'C38', 3, NULL),
(6264, 'C37', 'C38', 2, NULL),
(6265, 'C39', 'C11', 1, NULL),
(6266, 'C39', 'C12', 1, NULL),
(6267, 'C39', 'C13', 1, NULL),
(6268, 'C39', 'C14', 1, NULL),
(6269, 'C39', 'C15', 1, NULL),
(6270, 'C39', 'C16', 1, NULL),
(6271, 'C39', 'C17', 1, NULL),
(6272, 'C39', 'C18', 1, NULL),
(6273, 'C39', 'C19', 1, NULL),
(6274, 'C39', 'C21', 1, NULL),
(6275, 'C39', 'C22', 1, NULL),
(6276, 'C39', 'C23', 1, NULL),
(6277, 'C39', 'C24', 1, NULL),
(6278, 'C39', 'C25', 1, NULL),
(6279, 'C39', 'C26', 1, NULL),
(6280, 'C39', 'C27', 1, NULL),
(6281, 'C39', 'C28', 1, NULL),
(6282, 'C39', 'C29', 1, NULL),
(6283, 'C39', 'C31', 0.111111111, NULL),
(6284, 'C39', 'C32', 0.125, NULL),
(6285, 'C39', 'C33', 0.142857142, NULL),
(6286, 'C39', 'C34', 0.166666666, NULL),
(6287, 'C39', 'C35', 0.2, NULL),
(6288, 'C39', 'C36', 0.25, NULL),
(6289, 'C39', 'C37', 0.333333333, NULL),
(6290, 'C39', 'C38', 0.5, NULL),
(6291, 'C39', 'C39', 1, NULL),
(6292, 'C11', 'C39', 1, NULL),
(6293, 'C12', 'C39', 1, NULL),
(6294, 'C13', 'C39', 1, NULL),
(6295, 'C14', 'C39', 1, NULL),
(6296, 'C15', 'C39', 1, NULL),
(6297, 'C16', 'C39', 1, NULL),
(6298, 'C17', 'C39', 1, NULL),
(6299, 'C18', 'C39', 1, NULL),
(6300, 'C19', 'C39', 1, NULL),
(6301, 'C21', 'C39', 1, NULL),
(6302, 'C22', 'C39', 1, NULL),
(6303, 'C23', 'C39', 1, NULL),
(6304, 'C24', 'C39', 1, NULL),
(6305, 'C25', 'C39', 1, NULL),
(6306, 'C26', 'C39', 1, NULL),
(6307, 'C27', 'C39', 1, NULL),
(6308, 'C28', 'C39', 1, NULL),
(6309, 'C29', 'C39', 1, NULL),
(6310, 'C31', 'C39', 9, NULL),
(6311, 'C32', 'C39', 8, NULL),
(6312, 'C33', 'C39', 7, NULL),
(6313, 'C34', 'C39', 6, NULL),
(6314, 'C35', 'C39', 5, NULL),
(6315, 'C36', 'C39', 4, NULL),
(6316, 'C37', 'C39', 3, NULL),
(6317, 'C38', 'C39', 2, NULL),
(6318, 'C41', 'C11', 1, NULL),
(6319, 'C41', 'C12', 1, NULL),
(6320, 'C41', 'C13', 1, NULL),
(6321, 'C41', 'C14', 1, NULL),
(6322, 'C41', 'C15', 1, NULL),
(6323, 'C41', 'C16', 1, NULL),
(6324, 'C41', 'C17', 1, NULL),
(6325, 'C41', 'C18', 1, NULL),
(6326, 'C41', 'C19', 1, NULL),
(6327, 'C41', 'C21', 1, NULL),
(6328, 'C41', 'C22', 1, NULL),
(6329, 'C41', 'C23', 1, NULL),
(6330, 'C41', 'C24', 1, NULL),
(6331, 'C41', 'C25', 1, NULL),
(6332, 'C41', 'C26', 1, NULL),
(6333, 'C41', 'C27', 1, NULL),
(6334, 'C41', 'C28', 1, NULL),
(6335, 'C41', 'C29', 1, NULL),
(6336, 'C41', 'C31', 1, NULL),
(6337, 'C41', 'C32', 1, NULL),
(6338, 'C41', 'C33', 1, NULL),
(6339, 'C41', 'C34', 1, NULL),
(6340, 'C41', 'C35', 1, NULL),
(6341, 'C41', 'C36', 1, NULL),
(6342, 'C41', 'C37', 1, NULL),
(6343, 'C41', 'C38', 1, NULL),
(6344, 'C41', 'C39', 1, NULL),
(6345, 'C41', 'C41', 1, NULL),
(6346, 'C11', 'C41', 1, NULL),
(6347, 'C12', 'C41', 1, NULL),
(6348, 'C13', 'C41', 1, NULL),
(6349, 'C14', 'C41', 1, NULL),
(6350, 'C15', 'C41', 1, NULL),
(6351, 'C16', 'C41', 1, NULL),
(6352, 'C17', 'C41', 1, NULL),
(6353, 'C18', 'C41', 1, NULL),
(6354, 'C19', 'C41', 1, NULL),
(6355, 'C21', 'C41', 1, NULL),
(6356, 'C22', 'C41', 1, NULL),
(6357, 'C23', 'C41', 1, NULL),
(6358, 'C24', 'C41', 1, NULL),
(6359, 'C25', 'C41', 1, NULL),
(6360, 'C26', 'C41', 1, NULL),
(6361, 'C27', 'C41', 1, NULL),
(6362, 'C28', 'C41', 1, NULL),
(6363, 'C29', 'C41', 1, NULL),
(6364, 'C31', 'C41', 1, NULL),
(6365, 'C32', 'C41', 1, NULL),
(6366, 'C33', 'C41', 1, NULL),
(6367, 'C34', 'C41', 1, NULL),
(6368, 'C35', 'C41', 1, NULL),
(6369, 'C36', 'C41', 1, NULL),
(6370, 'C37', 'C41', 1, NULL),
(6371, 'C38', 'C41', 1, NULL),
(6372, 'C39', 'C41', 1, NULL),
(6373, 'C42', 'C11', 1, NULL),
(6374, 'C42', 'C12', 1, NULL),
(6375, 'C42', 'C13', 1, NULL),
(6376, 'C42', 'C14', 1, NULL),
(6377, 'C42', 'C15', 1, NULL),
(6378, 'C42', 'C16', 1, NULL),
(6379, 'C42', 'C17', 1, NULL),
(6380, 'C42', 'C18', 1, NULL),
(6381, 'C42', 'C19', 1, NULL),
(6382, 'C42', 'C21', 1, NULL),
(6383, 'C42', 'C22', 1, NULL),
(6384, 'C42', 'C23', 1, NULL),
(6385, 'C42', 'C24', 1, NULL),
(6386, 'C42', 'C25', 1, NULL),
(6387, 'C42', 'C26', 1, NULL),
(6388, 'C42', 'C27', 1, NULL),
(6389, 'C42', 'C28', 1, NULL),
(6390, 'C42', 'C29', 1, NULL),
(6391, 'C42', 'C31', 1, NULL),
(6392, 'C42', 'C32', 1, NULL),
(6393, 'C42', 'C33', 1, NULL),
(6394, 'C42', 'C34', 1, NULL),
(6395, 'C42', 'C35', 1, NULL),
(6396, 'C42', 'C36', 1, NULL),
(6397, 'C42', 'C37', 1, NULL),
(6398, 'C42', 'C38', 1, NULL),
(6399, 'C42', 'C39', 1, NULL),
(6400, 'C42', 'C41', 0.5, NULL),
(6401, 'C42', 'C42', 1, NULL),
(6402, 'C11', 'C42', 1, NULL),
(6403, 'C12', 'C42', 1, NULL),
(6404, 'C13', 'C42', 1, NULL),
(6405, 'C14', 'C42', 1, NULL),
(6406, 'C15', 'C42', 1, NULL),
(6407, 'C16', 'C42', 1, NULL),
(6408, 'C17', 'C42', 1, NULL),
(6409, 'C18', 'C42', 1, NULL),
(6410, 'C19', 'C42', 1, NULL),
(6411, 'C21', 'C42', 1, NULL),
(6412, 'C22', 'C42', 1, NULL),
(6413, 'C23', 'C42', 1, NULL),
(6414, 'C24', 'C42', 1, NULL),
(6415, 'C25', 'C42', 1, NULL),
(6416, 'C26', 'C42', 1, NULL),
(6417, 'C27', 'C42', 1, NULL),
(6418, 'C28', 'C42', 1, NULL),
(6419, 'C29', 'C42', 1, NULL),
(6420, 'C31', 'C42', 1, NULL),
(6421, 'C32', 'C42', 1, NULL),
(6422, 'C33', 'C42', 1, NULL),
(6423, 'C34', 'C42', 1, NULL),
(6424, 'C35', 'C42', 1, NULL),
(6425, 'C36', 'C42', 1, NULL),
(6426, 'C37', 'C42', 1, NULL),
(6427, 'C38', 'C42', 1, NULL),
(6428, 'C39', 'C42', 1, NULL),
(6429, 'C41', 'C42', 2, NULL),
(6430, 'C43', 'C11', 1, NULL),
(6431, 'C43', 'C12', 1, NULL),
(6432, 'C43', 'C13', 1, NULL),
(6433, 'C43', 'C14', 1, NULL),
(6434, 'C43', 'C15', 1, NULL),
(6435, 'C43', 'C16', 1, NULL),
(6436, 'C43', 'C17', 1, NULL),
(6437, 'C43', 'C18', 1, NULL),
(6438, 'C43', 'C19', 1, NULL),
(6439, 'C43', 'C21', 1, NULL),
(6440, 'C43', 'C22', 1, NULL),
(6441, 'C43', 'C23', 1, NULL),
(6442, 'C43', 'C24', 1, NULL),
(6443, 'C43', 'C25', 1, NULL),
(6444, 'C43', 'C26', 1, NULL),
(6445, 'C43', 'C27', 1, NULL),
(6446, 'C43', 'C28', 1, NULL),
(6447, 'C43', 'C29', 1, NULL),
(6448, 'C43', 'C31', 1, NULL),
(6449, 'C43', 'C32', 1, NULL),
(6450, 'C43', 'C33', 1, NULL),
(6451, 'C43', 'C34', 1, NULL),
(6452, 'C43', 'C35', 1, NULL),
(6453, 'C43', 'C36', 1, NULL),
(6454, 'C43', 'C37', 1, NULL),
(6455, 'C43', 'C38', 1, NULL),
(6456, 'C43', 'C39', 1, NULL),
(6457, 'C43', 'C41', 0.333333333, NULL),
(6458, 'C43', 'C42', 0.5, NULL),
(6459, 'C43', 'C43', 1, NULL),
(6460, 'C11', 'C43', 1, NULL),
(6461, 'C12', 'C43', 1, NULL),
(6462, 'C13', 'C43', 1, NULL),
(6463, 'C14', 'C43', 1, NULL),
(6464, 'C15', 'C43', 1, NULL),
(6465, 'C16', 'C43', 1, NULL),
(6466, 'C17', 'C43', 1, NULL),
(6467, 'C18', 'C43', 1, NULL),
(6468, 'C19', 'C43', 1, NULL),
(6469, 'C21', 'C43', 1, NULL),
(6470, 'C22', 'C43', 1, NULL),
(6471, 'C23', 'C43', 1, NULL),
(6472, 'C24', 'C43', 1, NULL),
(6473, 'C25', 'C43', 1, NULL),
(6474, 'C26', 'C43', 1, NULL),
(6475, 'C27', 'C43', 1, NULL),
(6476, 'C28', 'C43', 1, NULL),
(6477, 'C29', 'C43', 1, NULL),
(6478, 'C31', 'C43', 1, NULL),
(6479, 'C32', 'C43', 1, NULL),
(6480, 'C33', 'C43', 1, NULL),
(6481, 'C34', 'C43', 1, NULL),
(6482, 'C35', 'C43', 1, NULL),
(6483, 'C36', 'C43', 1, NULL),
(6484, 'C37', 'C43', 1, NULL),
(6485, 'C38', 'C43', 1, NULL),
(6486, 'C39', 'C43', 1, NULL),
(6487, 'C41', 'C43', 3, NULL),
(6488, 'C42', 'C43', 2, NULL),
(6489, 'C44', 'C11', 1, NULL),
(6490, 'C44', 'C12', 1, NULL),
(6491, 'C44', 'C13', 1, NULL),
(6492, 'C44', 'C14', 1, NULL),
(6493, 'C44', 'C15', 1, NULL),
(6494, 'C44', 'C16', 1, NULL),
(6495, 'C44', 'C17', 1, NULL),
(6496, 'C44', 'C18', 1, NULL),
(6497, 'C44', 'C19', 1, NULL),
(6498, 'C44', 'C21', 1, NULL),
(6499, 'C44', 'C22', 1, NULL),
(6500, 'C44', 'C23', 1, NULL),
(6501, 'C44', 'C24', 1, NULL),
(6502, 'C44', 'C25', 1, NULL),
(6503, 'C44', 'C26', 1, NULL),
(6504, 'C44', 'C27', 1, NULL),
(6505, 'C44', 'C28', 1, NULL),
(6506, 'C44', 'C29', 1, NULL),
(6507, 'C44', 'C31', 1, NULL),
(6508, 'C44', 'C32', 1, NULL),
(6509, 'C44', 'C33', 1, NULL),
(6510, 'C44', 'C34', 1, NULL),
(6511, 'C44', 'C35', 1, NULL),
(6512, 'C44', 'C36', 1, NULL),
(6513, 'C44', 'C37', 1, NULL),
(6514, 'C44', 'C38', 1, NULL),
(6515, 'C44', 'C39', 1, NULL),
(6516, 'C44', 'C41', 0.25, NULL),
(6517, 'C44', 'C42', 0.333333333, NULL),
(6518, 'C44', 'C43', 0.5, NULL),
(6519, 'C44', 'C44', 1, NULL),
(6520, 'C11', 'C44', 1, NULL),
(6521, 'C12', 'C44', 1, NULL),
(6522, 'C13', 'C44', 1, NULL),
(6523, 'C14', 'C44', 1, NULL),
(6524, 'C15', 'C44', 1, NULL),
(6525, 'C16', 'C44', 1, NULL),
(6526, 'C17', 'C44', 1, NULL),
(6527, 'C18', 'C44', 1, NULL),
(6528, 'C19', 'C44', 1, NULL),
(6529, 'C21', 'C44', 1, NULL),
(6530, 'C22', 'C44', 1, NULL),
(6531, 'C23', 'C44', 1, NULL),
(6532, 'C24', 'C44', 1, NULL),
(6533, 'C25', 'C44', 1, NULL),
(6534, 'C26', 'C44', 1, NULL),
(6535, 'C27', 'C44', 1, NULL),
(6536, 'C28', 'C44', 1, NULL),
(6537, 'C29', 'C44', 1, NULL),
(6538, 'C31', 'C44', 1, NULL),
(6539, 'C32', 'C44', 1, NULL),
(6540, 'C33', 'C44', 1, NULL),
(6541, 'C34', 'C44', 1, NULL),
(6542, 'C35', 'C44', 1, NULL),
(6543, 'C36', 'C44', 1, NULL),
(6544, 'C37', 'C44', 1, NULL),
(6545, 'C38', 'C44', 1, NULL),
(6546, 'C39', 'C44', 1, NULL),
(6547, 'C41', 'C44', 4, NULL),
(6548, 'C42', 'C44', 3, NULL),
(6549, 'C43', 'C44', 2, NULL),
(6550, 'C45', 'C11', 1, NULL),
(6551, 'C45', 'C12', 1, NULL),
(6552, 'C45', 'C13', 1, NULL),
(6553, 'C45', 'C14', 1, NULL),
(6554, 'C45', 'C15', 1, NULL),
(6555, 'C45', 'C16', 1, NULL),
(6556, 'C45', 'C17', 1, NULL),
(6557, 'C45', 'C18', 1, NULL),
(6558, 'C45', 'C19', 1, NULL),
(6559, 'C45', 'C21', 1, NULL),
(6560, 'C45', 'C22', 1, NULL),
(6561, 'C45', 'C23', 1, NULL),
(6562, 'C45', 'C24', 1, NULL),
(6563, 'C45', 'C25', 1, NULL),
(6564, 'C45', 'C26', 1, NULL),
(6565, 'C45', 'C27', 1, NULL),
(6566, 'C45', 'C28', 1, NULL),
(6567, 'C45', 'C29', 1, NULL),
(6568, 'C45', 'C31', 1, NULL),
(6569, 'C45', 'C32', 1, NULL),
(6570, 'C45', 'C33', 1, NULL),
(6571, 'C45', 'C34', 1, NULL),
(6572, 'C45', 'C35', 1, NULL),
(6573, 'C45', 'C36', 1, NULL),
(6574, 'C45', 'C37', 1, NULL),
(6575, 'C45', 'C38', 1, NULL),
(6576, 'C45', 'C39', 1, NULL),
(6577, 'C45', 'C41', 0.2, NULL),
(6578, 'C45', 'C42', 0.25, NULL),
(6579, 'C45', 'C43', 0.333333333, NULL),
(6580, 'C45', 'C44', 0.5, NULL),
(6581, 'C45', 'C45', 1, NULL),
(6582, 'C11', 'C45', 1, NULL),
(6583, 'C12', 'C45', 1, NULL),
(6584, 'C13', 'C45', 1, NULL),
(6585, 'C14', 'C45', 1, NULL),
(6586, 'C15', 'C45', 1, NULL),
(6587, 'C16', 'C45', 1, NULL),
(6588, 'C17', 'C45', 1, NULL),
(6589, 'C18', 'C45', 1, NULL),
(6590, 'C19', 'C45', 1, NULL),
(6591, 'C21', 'C45', 1, NULL),
(6592, 'C22', 'C45', 1, NULL),
(6593, 'C23', 'C45', 1, NULL),
(6594, 'C24', 'C45', 1, NULL),
(6595, 'C25', 'C45', 1, NULL),
(6596, 'C26', 'C45', 1, NULL),
(6597, 'C27', 'C45', 1, NULL),
(6598, 'C28', 'C45', 1, NULL),
(6599, 'C29', 'C45', 1, NULL),
(6600, 'C31', 'C45', 1, NULL),
(6601, 'C32', 'C45', 1, NULL),
(6602, 'C33', 'C45', 1, NULL),
(6603, 'C34', 'C45', 1, NULL),
(6604, 'C35', 'C45', 1, NULL),
(6605, 'C36', 'C45', 1, NULL),
(6606, 'C37', 'C45', 1, NULL),
(6607, 'C38', 'C45', 1, NULL),
(6608, 'C39', 'C45', 1, NULL),
(6609, 'C41', 'C45', 5, NULL),
(6610, 'C42', 'C45', 4, NULL),
(6611, 'C43', 'C45', 3, NULL),
(6612, 'C44', 'C45', 2, NULL),
(6613, 'C46', 'C11', 1, NULL),
(6614, 'C46', 'C12', 1, NULL),
(6615, 'C46', 'C13', 1, NULL),
(6616, 'C46', 'C14', 1, NULL),
(6617, 'C46', 'C15', 1, NULL),
(6618, 'C46', 'C16', 1, NULL),
(6619, 'C46', 'C17', 1, NULL),
(6620, 'C46', 'C18', 1, NULL),
(6621, 'C46', 'C19', 1, NULL),
(6622, 'C46', 'C21', 1, NULL),
(6623, 'C46', 'C22', 1, NULL),
(6624, 'C46', 'C23', 1, NULL),
(6625, 'C46', 'C24', 1, NULL),
(6626, 'C46', 'C25', 1, NULL),
(6627, 'C46', 'C26', 1, NULL),
(6628, 'C46', 'C27', 1, NULL),
(6629, 'C46', 'C28', 1, NULL),
(6630, 'C46', 'C29', 1, NULL),
(6631, 'C46', 'C31', 1, NULL),
(6632, 'C46', 'C32', 1, NULL),
(6633, 'C46', 'C33', 1, NULL),
(6634, 'C46', 'C34', 1, NULL),
(6635, 'C46', 'C35', 1, NULL),
(6636, 'C46', 'C36', 1, NULL),
(6637, 'C46', 'C37', 1, NULL),
(6638, 'C46', 'C38', 1, NULL),
(6639, 'C46', 'C39', 1, NULL),
(6640, 'C46', 'C41', 0.166666666, NULL),
(6641, 'C46', 'C42', 0.2, NULL),
(6642, 'C46', 'C43', 0.25, NULL),
(6643, 'C46', 'C44', 0.333333333, NULL),
(6644, 'C46', 'C45', 0.5, NULL),
(6645, 'C46', 'C46', 1, NULL),
(6646, 'C11', 'C46', 1, NULL),
(6647, 'C12', 'C46', 1, NULL),
(6648, 'C13', 'C46', 1, NULL),
(6649, 'C14', 'C46', 1, NULL),
(6650, 'C15', 'C46', 1, NULL),
(6651, 'C16', 'C46', 1, NULL),
(6652, 'C17', 'C46', 1, NULL),
(6653, 'C18', 'C46', 1, NULL),
(6654, 'C19', 'C46', 1, NULL),
(6655, 'C21', 'C46', 1, NULL),
(6656, 'C22', 'C46', 1, NULL),
(6657, 'C23', 'C46', 1, NULL),
(6658, 'C24', 'C46', 1, NULL),
(6659, 'C25', 'C46', 1, NULL),
(6660, 'C26', 'C46', 1, NULL),
(6661, 'C27', 'C46', 1, NULL),
(6662, 'C28', 'C46', 1, NULL),
(6663, 'C29', 'C46', 1, NULL),
(6664, 'C31', 'C46', 1, NULL),
(6665, 'C32', 'C46', 1, NULL),
(6666, 'C33', 'C46', 1, NULL),
(6667, 'C34', 'C46', 1, NULL),
(6668, 'C35', 'C46', 1, NULL),
(6669, 'C36', 'C46', 1, NULL),
(6670, 'C37', 'C46', 1, NULL),
(6671, 'C38', 'C46', 1, NULL),
(6672, 'C39', 'C46', 1, NULL),
(6673, 'C41', 'C46', 6, NULL),
(6674, 'C42', 'C46', 5, NULL),
(6675, 'C43', 'C46', 4, NULL),
(6676, 'C44', 'C46', 3, NULL),
(6677, 'C45', 'C46', 2, NULL),
(6678, 'C47', 'C11', 1, NULL),
(6679, 'C47', 'C12', 1, NULL),
(6680, 'C47', 'C13', 1, NULL),
(6681, 'C47', 'C14', 1, NULL),
(6682, 'C47', 'C15', 1, NULL),
(6683, 'C47', 'C16', 1, NULL),
(6684, 'C47', 'C17', 1, NULL),
(6685, 'C47', 'C18', 1, NULL),
(6686, 'C47', 'C19', 1, NULL),
(6687, 'C47', 'C21', 1, NULL),
(6688, 'C47', 'C22', 1, NULL),
(6689, 'C47', 'C23', 1, NULL),
(6690, 'C47', 'C24', 1, NULL),
(6691, 'C47', 'C25', 1, NULL),
(6692, 'C47', 'C26', 1, NULL),
(6693, 'C47', 'C27', 1, NULL),
(6694, 'C47', 'C28', 1, NULL),
(6695, 'C47', 'C29', 1, NULL),
(6696, 'C47', 'C31', 1, NULL),
(6697, 'C47', 'C32', 1, NULL),
(6698, 'C47', 'C33', 1, NULL),
(6699, 'C47', 'C34', 1, NULL),
(6700, 'C47', 'C35', 1, NULL),
(6701, 'C47', 'C36', 1, NULL),
(6702, 'C47', 'C37', 1, NULL),
(6703, 'C47', 'C38', 1, NULL),
(6704, 'C47', 'C39', 1, NULL),
(6705, 'C47', 'C41', 0.142857142, NULL),
(6706, 'C47', 'C42', 0.166666666, NULL),
(6707, 'C47', 'C43', 0.2, NULL),
(6708, 'C47', 'C44', 0.25, NULL),
(6709, 'C47', 'C45', 0.333333333, NULL),
(6710, 'C47', 'C46', 0.5, NULL),
(6711, 'C47', 'C47', 1, NULL),
(6712, 'C11', 'C47', 1, NULL),
(6713, 'C12', 'C47', 1, NULL),
(6714, 'C13', 'C47', 1, NULL),
(6715, 'C14', 'C47', 1, NULL),
(6716, 'C15', 'C47', 1, NULL),
(6717, 'C16', 'C47', 1, NULL),
(6718, 'C17', 'C47', 1, NULL),
(6719, 'C18', 'C47', 1, NULL),
(6720, 'C19', 'C47', 1, NULL),
(6721, 'C21', 'C47', 1, NULL),
(6722, 'C22', 'C47', 1, NULL),
(6723, 'C23', 'C47', 1, NULL),
(6724, 'C24', 'C47', 1, NULL),
(6725, 'C25', 'C47', 1, NULL),
(6726, 'C26', 'C47', 1, NULL),
(6727, 'C27', 'C47', 1, NULL),
(6728, 'C28', 'C47', 1, NULL),
(6729, 'C29', 'C47', 1, NULL),
(6730, 'C31', 'C47', 1, NULL),
(6731, 'C32', 'C47', 1, NULL),
(6732, 'C33', 'C47', 1, NULL),
(6733, 'C34', 'C47', 1, NULL),
(6734, 'C35', 'C47', 1, NULL),
(6735, 'C36', 'C47', 1, NULL),
(6736, 'C37', 'C47', 1, NULL),
(6737, 'C38', 'C47', 1, NULL),
(6738, 'C39', 'C47', 1, NULL),
(6739, 'C41', 'C47', 7, NULL),
(6740, 'C42', 'C47', 6, NULL),
(6741, 'C43', 'C47', 5, NULL),
(6742, 'C44', 'C47', 4, NULL),
(6743, 'C45', 'C47', 3, NULL),
(6744, 'C46', 'C47', 2, NULL),
(6745, 'C48', 'C11', 1, NULL),
(6746, 'C48', 'C12', 1, NULL),
(6747, 'C48', 'C13', 1, NULL),
(6748, 'C48', 'C14', 1, NULL),
(6749, 'C48', 'C15', 1, NULL),
(6750, 'C48', 'C16', 1, NULL),
(6751, 'C48', 'C17', 1, NULL),
(6752, 'C48', 'C18', 1, NULL),
(6753, 'C48', 'C19', 1, NULL),
(6754, 'C48', 'C21', 1, NULL),
(6755, 'C48', 'C22', 1, NULL),
(6756, 'C48', 'C23', 1, NULL),
(6757, 'C48', 'C24', 1, NULL),
(6758, 'C48', 'C25', 1, NULL),
(6759, 'C48', 'C26', 1, NULL),
(6760, 'C48', 'C27', 1, NULL),
(6761, 'C48', 'C28', 1, NULL),
(6762, 'C48', 'C29', 1, NULL),
(6763, 'C48', 'C31', 1, NULL),
(6764, 'C48', 'C32', 1, NULL),
(6765, 'C48', 'C33', 1, NULL),
(6766, 'C48', 'C34', 1, NULL),
(6767, 'C48', 'C35', 1, NULL),
(6768, 'C48', 'C36', 1, NULL),
(6769, 'C48', 'C37', 1, NULL),
(6770, 'C48', 'C38', 1, NULL),
(6771, 'C48', 'C39', 1, NULL),
(6772, 'C48', 'C41', 0.125, NULL),
(6773, 'C48', 'C42', 0.142857142, NULL),
(6774, 'C48', 'C43', 0.166666666, NULL),
(6775, 'C48', 'C44', 0.2, NULL),
(6776, 'C48', 'C45', 0.25, NULL),
(6777, 'C48', 'C46', 0.333333333, NULL),
(6778, 'C48', 'C47', 0.5, NULL),
(6779, 'C48', 'C48', 1, NULL),
(6780, 'C11', 'C48', 1, NULL),
(6781, 'C12', 'C48', 1, NULL),
(6782, 'C13', 'C48', 1, NULL),
(6783, 'C14', 'C48', 1, NULL),
(6784, 'C15', 'C48', 1, NULL),
(6785, 'C16', 'C48', 1, NULL),
(6786, 'C17', 'C48', 1, NULL),
(6787, 'C18', 'C48', 1, NULL),
(6788, 'C19', 'C48', 1, NULL),
(6789, 'C21', 'C48', 1, NULL),
(6790, 'C22', 'C48', 1, NULL),
(6791, 'C23', 'C48', 1, NULL),
(6792, 'C24', 'C48', 1, NULL),
(6793, 'C25', 'C48', 1, NULL),
(6794, 'C26', 'C48', 1, NULL),
(6795, 'C27', 'C48', 1, NULL),
(6796, 'C28', 'C48', 1, NULL),
(6797, 'C29', 'C48', 1, NULL),
(6798, 'C31', 'C48', 1, NULL),
(6799, 'C32', 'C48', 1, NULL),
(6800, 'C33', 'C48', 1, NULL),
(6801, 'C34', 'C48', 1, NULL),
(6802, 'C35', 'C48', 1, NULL),
(6803, 'C36', 'C48', 1, NULL),
(6804, 'C37', 'C48', 1, NULL),
(6805, 'C38', 'C48', 1, NULL),
(6806, 'C39', 'C48', 1, NULL),
(6807, 'C41', 'C48', 8, NULL),
(6808, 'C42', 'C48', 7, NULL),
(6809, 'C43', 'C48', 6, NULL),
(6810, 'C44', 'C48', 5, NULL),
(6811, 'C45', 'C48', 4, NULL),
(6812, 'C46', 'C48', 3, NULL),
(6813, 'C47', 'C48', 2, NULL),
(6814, 'C49', 'C11', 1, NULL),
(6815, 'C49', 'C12', 1, NULL),
(6816, 'C49', 'C13', 1, NULL),
(6817, 'C49', 'C14', 1, NULL),
(6818, 'C49', 'C15', 1, NULL),
(6819, 'C49', 'C16', 1, NULL),
(6820, 'C49', 'C17', 1, NULL),
(6821, 'C49', 'C18', 1, NULL),
(6822, 'C49', 'C19', 1, NULL),
(6823, 'C49', 'C21', 1, NULL),
(6824, 'C49', 'C22', 1, NULL),
(6825, 'C49', 'C23', 1, NULL),
(6826, 'C49', 'C24', 1, NULL),
(6827, 'C49', 'C25', 1, NULL),
(6828, 'C49', 'C26', 1, NULL),
(6829, 'C49', 'C27', 1, NULL),
(6830, 'C49', 'C28', 1, NULL),
(6831, 'C49', 'C29', 1, NULL),
(6832, 'C49', 'C31', 1, NULL),
(6833, 'C49', 'C32', 1, NULL),
(6834, 'C49', 'C33', 1, NULL),
(6835, 'C49', 'C34', 1, NULL),
(6836, 'C49', 'C35', 1, NULL),
(6837, 'C49', 'C36', 1, NULL),
(6838, 'C49', 'C37', 1, NULL),
(6839, 'C49', 'C38', 1, NULL),
(6840, 'C49', 'C39', 1, NULL),
(6841, 'C49', 'C41', 0.111111111, NULL),
(6842, 'C49', 'C42', 0.125, NULL),
(6843, 'C49', 'C43', 0.142857142, NULL),
(6844, 'C49', 'C44', 0.166666666, NULL),
(6845, 'C49', 'C45', 0.2, NULL),
(6846, 'C49', 'C46', 0.25, NULL),
(6847, 'C49', 'C47', 0.333333333, NULL),
(6848, 'C49', 'C48', 0.5, NULL),
(6849, 'C49', 'C49', 1, NULL),
(6850, 'C11', 'C49', 1, NULL),
(6851, 'C12', 'C49', 1, NULL),
(6852, 'C13', 'C49', 1, NULL),
(6853, 'C14', 'C49', 1, NULL),
(6854, 'C15', 'C49', 1, NULL),
(6855, 'C16', 'C49', 1, NULL),
(6856, 'C17', 'C49', 1, NULL),
(6857, 'C18', 'C49', 1, NULL),
(6858, 'C19', 'C49', 1, NULL),
(6859, 'C21', 'C49', 1, NULL),
(6860, 'C22', 'C49', 1, NULL),
(6861, 'C23', 'C49', 1, NULL),
(6862, 'C24', 'C49', 1, NULL),
(6863, 'C25', 'C49', 1, NULL),
(6864, 'C26', 'C49', 1, NULL),
(6865, 'C27', 'C49', 1, NULL),
(6866, 'C28', 'C49', 1, NULL),
(6867, 'C29', 'C49', 1, NULL),
(6868, 'C31', 'C49', 1, NULL),
(6869, 'C32', 'C49', 1, NULL),
(6870, 'C33', 'C49', 1, NULL),
(6871, 'C34', 'C49', 1, NULL),
(6872, 'C35', 'C49', 1, NULL),
(6873, 'C36', 'C49', 1, NULL),
(6874, 'C37', 'C49', 1, NULL),
(6875, 'C38', 'C49', 1, NULL),
(6876, 'C39', 'C49', 1, NULL),
(6877, 'C41', 'C49', 9, NULL),
(6878, 'C42', 'C49', 8, NULL),
(6879, 'C43', 'C49', 7, NULL),
(6880, 'C44', 'C49', 6, NULL),
(6881, 'C45', 'C49', 5, NULL),
(6882, 'C46', 'C49', 4, NULL),
(6883, 'C47', 'C49', 3, NULL),
(6884, 'C48', 'C49', 2, NULL),
(6885, 'C51', 'C11', 1, NULL),
(6886, 'C51', 'C12', 1, NULL),
(6887, 'C51', 'C13', 1, NULL),
(6888, 'C51', 'C14', 1, NULL),
(6889, 'C51', 'C15', 1, NULL),
(6890, 'C51', 'C16', 1, NULL),
(6891, 'C51', 'C17', 1, NULL),
(6892, 'C51', 'C18', 1, NULL),
(6893, 'C51', 'C19', 1, NULL),
(6894, 'C51', 'C21', 1, NULL),
(6895, 'C51', 'C22', 1, NULL),
(6896, 'C51', 'C23', 1, NULL),
(6897, 'C51', 'C24', 1, NULL),
(6898, 'C51', 'C25', 1, NULL),
(6899, 'C51', 'C26', 1, NULL),
(6900, 'C51', 'C27', 1, NULL),
(6901, 'C51', 'C28', 1, NULL),
(6902, 'C51', 'C29', 1, NULL),
(6903, 'C51', 'C31', 1, NULL),
(6904, 'C51', 'C32', 1, NULL),
(6905, 'C51', 'C33', 1, NULL),
(6906, 'C51', 'C34', 1, NULL),
(6907, 'C51', 'C35', 1, NULL),
(6908, 'C51', 'C36', 1, NULL),
(6909, 'C51', 'C37', 1, NULL),
(6910, 'C51', 'C38', 1, NULL),
(6911, 'C51', 'C39', 1, NULL),
(6912, 'C51', 'C41', 1, NULL),
(6913, 'C51', 'C42', 1, NULL),
(6914, 'C51', 'C43', 1, NULL),
(6915, 'C51', 'C44', 1, NULL),
(6916, 'C51', 'C45', 1, NULL),
(6917, 'C51', 'C46', 1, NULL),
(6918, 'C51', 'C47', 1, NULL),
(6919, 'C51', 'C48', 1, NULL),
(6920, 'C51', 'C49', 1, NULL),
(6921, 'C51', 'C51', 1, NULL),
(6922, 'C11', 'C51', 1, NULL),
(6923, 'C12', 'C51', 1, NULL),
(6924, 'C13', 'C51', 1, NULL),
(6925, 'C14', 'C51', 1, NULL),
(6926, 'C15', 'C51', 1, NULL),
(6927, 'C16', 'C51', 1, NULL),
(6928, 'C17', 'C51', 1, NULL),
(6929, 'C18', 'C51', 1, NULL),
(6930, 'C19', 'C51', 1, NULL),
(6931, 'C21', 'C51', 1, NULL),
(6932, 'C22', 'C51', 1, NULL),
(6933, 'C23', 'C51', 1, NULL),
(6934, 'C24', 'C51', 1, NULL),
(6935, 'C25', 'C51', 1, NULL),
(6936, 'C26', 'C51', 1, NULL),
(6937, 'C27', 'C51', 1, NULL),
(6938, 'C28', 'C51', 1, NULL),
(6939, 'C29', 'C51', 1, NULL),
(6940, 'C31', 'C51', 1, NULL),
(6941, 'C32', 'C51', 1, NULL),
(6942, 'C33', 'C51', 1, NULL),
(6943, 'C34', 'C51', 1, NULL),
(6944, 'C35', 'C51', 1, NULL),
(6945, 'C36', 'C51', 1, NULL),
(6946, 'C37', 'C51', 1, NULL),
(6947, 'C38', 'C51', 1, NULL),
(6948, 'C39', 'C51', 1, NULL),
(6949, 'C41', 'C51', 1, NULL),
(6950, 'C42', 'C51', 1, NULL),
(6951, 'C43', 'C51', 1, NULL),
(6952, 'C44', 'C51', 1, NULL),
(6953, 'C45', 'C51', 1, NULL),
(6954, 'C46', 'C51', 1, NULL),
(6955, 'C47', 'C51', 1, NULL),
(6956, 'C48', 'C51', 1, NULL),
(6957, 'C49', 'C51', 1, NULL),
(6958, 'C52', 'C11', 1, NULL),
(6959, 'C52', 'C12', 1, NULL),
(6960, 'C52', 'C13', 1, NULL),
(6961, 'C52', 'C14', 1, NULL),
(6962, 'C52', 'C15', 1, NULL),
(6963, 'C52', 'C16', 1, NULL),
(6964, 'C52', 'C17', 1, NULL),
(6965, 'C52', 'C18', 1, NULL),
(6966, 'C52', 'C19', 1, NULL),
(6967, 'C52', 'C21', 1, NULL),
(6968, 'C52', 'C22', 1, NULL),
(6969, 'C52', 'C23', 1, NULL),
(6970, 'C52', 'C24', 1, NULL),
(6971, 'C52', 'C25', 1, NULL),
(6972, 'C52', 'C26', 1, NULL),
(6973, 'C52', 'C27', 1, NULL),
(6974, 'C52', 'C28', 1, NULL),
(6975, 'C52', 'C29', 1, NULL),
(6976, 'C52', 'C31', 1, NULL),
(6977, 'C52', 'C32', 1, NULL),
(6978, 'C52', 'C33', 1, NULL),
(6979, 'C52', 'C34', 1, NULL),
(6980, 'C52', 'C35', 1, NULL),
(6981, 'C52', 'C36', 1, NULL),
(6982, 'C52', 'C37', 1, NULL),
(6983, 'C52', 'C38', 1, NULL),
(6984, 'C52', 'C39', 1, NULL),
(6985, 'C52', 'C41', 1, NULL),
(6986, 'C52', 'C42', 1, NULL),
(6987, 'C52', 'C43', 1, NULL),
(6988, 'C52', 'C44', 1, NULL),
(6989, 'C52', 'C45', 1, NULL),
(6990, 'C52', 'C46', 1, NULL),
(6991, 'C52', 'C47', 1, NULL),
(6992, 'C52', 'C48', 1, NULL),
(6993, 'C52', 'C49', 1, NULL),
(6994, 'C52', 'C51', 0.5, NULL),
(6995, 'C52', 'C52', 1, NULL),
(6996, 'C11', 'C52', 1, NULL),
(6997, 'C12', 'C52', 1, NULL),
(6998, 'C13', 'C52', 1, NULL),
(6999, 'C14', 'C52', 1, NULL),
(7000, 'C15', 'C52', 1, NULL),
(7001, 'C16', 'C52', 1, NULL),
(7002, 'C17', 'C52', 1, NULL),
(7003, 'C18', 'C52', 1, NULL),
(7004, 'C19', 'C52', 1, NULL),
(7005, 'C21', 'C52', 1, NULL),
(7006, 'C22', 'C52', 1, NULL),
(7007, 'C23', 'C52', 1, NULL),
(7008, 'C24', 'C52', 1, NULL),
(7009, 'C25', 'C52', 1, NULL),
(7010, 'C26', 'C52', 1, NULL),
(7011, 'C27', 'C52', 1, NULL),
(7012, 'C28', 'C52', 1, NULL),
(7013, 'C29', 'C52', 1, NULL),
(7014, 'C31', 'C52', 1, NULL),
(7015, 'C32', 'C52', 1, NULL),
(7016, 'C33', 'C52', 1, NULL),
(7017, 'C34', 'C52', 1, NULL),
(7018, 'C35', 'C52', 1, NULL),
(7019, 'C36', 'C52', 1, NULL),
(7020, 'C37', 'C52', 1, NULL),
(7021, 'C38', 'C52', 1, NULL),
(7022, 'C39', 'C52', 1, NULL),
(7023, 'C41', 'C52', 1, NULL),
(7024, 'C42', 'C52', 1, NULL),
(7025, 'C43', 'C52', 1, NULL),
(7026, 'C44', 'C52', 1, NULL),
(7027, 'C45', 'C52', 1, NULL),
(7028, 'C46', 'C52', 1, NULL),
(7029, 'C47', 'C52', 1, NULL),
(7030, 'C48', 'C52', 1, NULL),
(7031, 'C49', 'C52', 1, NULL),
(7032, 'C51', 'C52', 2, NULL),
(7033, 'C53', 'C11', 1, NULL),
(7034, 'C53', 'C12', 1, NULL),
(7035, 'C53', 'C13', 1, NULL),
(7036, 'C53', 'C14', 1, NULL),
(7037, 'C53', 'C15', 1, NULL),
(7038, 'C53', 'C16', 1, NULL),
(7039, 'C53', 'C17', 1, NULL),
(7040, 'C53', 'C18', 1, NULL),
(7041, 'C53', 'C19', 1, NULL),
(7042, 'C53', 'C21', 1, NULL),
(7043, 'C53', 'C22', 1, NULL),
(7044, 'C53', 'C23', 1, NULL),
(7045, 'C53', 'C24', 1, NULL),
(7046, 'C53', 'C25', 1, NULL),
(7047, 'C53', 'C26', 1, NULL),
(7048, 'C53', 'C27', 1, NULL),
(7049, 'C53', 'C28', 1, NULL),
(7050, 'C53', 'C29', 1, NULL),
(7051, 'C53', 'C31', 1, NULL),
(7052, 'C53', 'C32', 1, NULL),
(7053, 'C53', 'C33', 1, NULL),
(7054, 'C53', 'C34', 1, NULL),
(7055, 'C53', 'C35', 1, NULL),
(7056, 'C53', 'C36', 1, NULL),
(7057, 'C53', 'C37', 1, NULL),
(7058, 'C53', 'C38', 1, NULL),
(7059, 'C53', 'C39', 1, NULL),
(7060, 'C53', 'C41', 1, NULL),
(7061, 'C53', 'C42', 1, NULL),
(7062, 'C53', 'C43', 1, NULL),
(7063, 'C53', 'C44', 1, NULL),
(7064, 'C53', 'C45', 1, NULL),
(7065, 'C53', 'C46', 1, NULL),
(7066, 'C53', 'C47', 1, NULL),
(7067, 'C53', 'C48', 1, NULL),
(7068, 'C53', 'C49', 1, NULL),
(7069, 'C53', 'C51', 0.333333333, NULL),
(7070, 'C53', 'C52', 0.5, NULL),
(7071, 'C53', 'C53', 1, NULL),
(7072, 'C11', 'C53', 1, NULL),
(7073, 'C12', 'C53', 1, NULL),
(7074, 'C13', 'C53', 1, NULL),
(7075, 'C14', 'C53', 1, NULL),
(7076, 'C15', 'C53', 1, NULL),
(7077, 'C16', 'C53', 1, NULL),
(7078, 'C17', 'C53', 1, NULL),
(7079, 'C18', 'C53', 1, NULL),
(7080, 'C19', 'C53', 1, NULL),
(7081, 'C21', 'C53', 1, NULL),
(7082, 'C22', 'C53', 1, NULL),
(7083, 'C23', 'C53', 1, NULL),
(7084, 'C24', 'C53', 1, NULL),
(7085, 'C25', 'C53', 1, NULL),
(7086, 'C26', 'C53', 1, NULL),
(7087, 'C27', 'C53', 1, NULL),
(7088, 'C28', 'C53', 1, NULL),
(7089, 'C29', 'C53', 1, NULL),
(7090, 'C31', 'C53', 1, NULL),
(7091, 'C32', 'C53', 1, NULL),
(7092, 'C33', 'C53', 1, NULL),
(7093, 'C34', 'C53', 1, NULL),
(7094, 'C35', 'C53', 1, NULL),
(7095, 'C36', 'C53', 1, NULL),
(7096, 'C37', 'C53', 1, NULL),
(7097, 'C38', 'C53', 1, NULL),
(7098, 'C39', 'C53', 1, NULL),
(7099, 'C41', 'C53', 1, NULL),
(7100, 'C42', 'C53', 1, NULL),
(7101, 'C43', 'C53', 1, NULL),
(7102, 'C44', 'C53', 1, NULL),
(7103, 'C45', 'C53', 1, NULL),
(7104, 'C46', 'C53', 1, NULL),
(7105, 'C47', 'C53', 1, NULL),
(7106, 'C48', 'C53', 1, NULL),
(7107, 'C49', 'C53', 1, NULL),
(7108, 'C51', 'C53', 3, NULL),
(7109, 'C52', 'C53', 2, NULL),
(7110, 'C54', 'C11', 1, NULL),
(7111, 'C54', 'C12', 1, NULL),
(7112, 'C54', 'C13', 1, NULL),
(7113, 'C54', 'C14', 1, NULL),
(7114, 'C54', 'C15', 1, NULL),
(7115, 'C54', 'C16', 1, NULL),
(7116, 'C54', 'C17', 1, NULL),
(7117, 'C54', 'C18', 1, NULL),
(7118, 'C54', 'C19', 1, NULL),
(7119, 'C54', 'C21', 1, NULL),
(7120, 'C54', 'C22', 1, NULL),
(7121, 'C54', 'C23', 1, NULL),
(7122, 'C54', 'C24', 1, NULL),
(7123, 'C54', 'C25', 1, NULL),
(7124, 'C54', 'C26', 1, NULL),
(7125, 'C54', 'C27', 1, NULL),
(7126, 'C54', 'C28', 1, NULL),
(7127, 'C54', 'C29', 1, NULL),
(7128, 'C54', 'C31', 1, NULL),
(7129, 'C54', 'C32', 1, NULL),
(7130, 'C54', 'C33', 1, NULL),
(7131, 'C54', 'C34', 1, NULL),
(7132, 'C54', 'C35', 1, NULL),
(7133, 'C54', 'C36', 1, NULL),
(7134, 'C54', 'C37', 1, NULL),
(7135, 'C54', 'C38', 1, NULL),
(7136, 'C54', 'C39', 1, NULL),
(7137, 'C54', 'C41', 1, NULL),
(7138, 'C54', 'C42', 1, NULL),
(7139, 'C54', 'C43', 1, NULL),
(7140, 'C54', 'C44', 1, NULL),
(7141, 'C54', 'C45', 1, NULL),
(7142, 'C54', 'C46', 1, NULL),
(7143, 'C54', 'C47', 1, NULL),
(7144, 'C54', 'C48', 1, NULL),
(7145, 'C54', 'C49', 1, NULL),
(7146, 'C54', 'C51', 0.25, NULL),
(7147, 'C54', 'C52', 0.333333333, NULL),
(7148, 'C54', 'C53', 0.5, NULL),
(7149, 'C54', 'C54', 1, NULL),
(7150, 'C11', 'C54', 1, NULL),
(7151, 'C12', 'C54', 1, NULL),
(7152, 'C13', 'C54', 1, NULL),
(7153, 'C14', 'C54', 1, NULL),
(7154, 'C15', 'C54', 1, NULL),
(7155, 'C16', 'C54', 1, NULL),
(7156, 'C17', 'C54', 1, NULL),
(7157, 'C18', 'C54', 1, NULL),
(7158, 'C19', 'C54', 1, NULL),
(7159, 'C21', 'C54', 1, NULL),
(7160, 'C22', 'C54', 1, NULL),
(7161, 'C23', 'C54', 1, NULL),
(7162, 'C24', 'C54', 1, NULL),
(7163, 'C25', 'C54', 1, NULL),
(7164, 'C26', 'C54', 1, NULL),
(7165, 'C27', 'C54', 1, NULL),
(7166, 'C28', 'C54', 1, NULL),
(7167, 'C29', 'C54', 1, NULL),
(7168, 'C31', 'C54', 1, NULL),
(7169, 'C32', 'C54', 1, NULL),
(7170, 'C33', 'C54', 1, NULL),
(7171, 'C34', 'C54', 1, NULL),
(7172, 'C35', 'C54', 1, NULL),
(7173, 'C36', 'C54', 1, NULL),
(7174, 'C37', 'C54', 1, NULL),
(7175, 'C38', 'C54', 1, NULL),
(7176, 'C39', 'C54', 1, NULL),
(7177, 'C41', 'C54', 1, NULL),
(7178, 'C42', 'C54', 1, NULL),
(7179, 'C43', 'C54', 1, NULL),
(7180, 'C44', 'C54', 1, NULL),
(7181, 'C45', 'C54', 1, NULL),
(7182, 'C46', 'C54', 1, NULL),
(7183, 'C47', 'C54', 1, NULL),
(7184, 'C48', 'C54', 1, NULL),
(7185, 'C49', 'C54', 1, NULL),
(7186, 'C51', 'C54', 4, NULL),
(7187, 'C52', 'C54', 3, NULL),
(7188, 'C53', 'C54', 2, NULL),
(7189, 'C55', 'C11', 1, NULL),
(7190, 'C55', 'C12', 1, NULL),
(7191, 'C55', 'C13', 1, NULL),
(7192, 'C55', 'C14', 1, NULL),
(7193, 'C55', 'C15', 1, NULL),
(7194, 'C55', 'C16', 1, NULL),
(7195, 'C55', 'C17', 1, NULL),
(7196, 'C55', 'C18', 1, NULL),
(7197, 'C55', 'C19', 1, NULL),
(7198, 'C55', 'C21', 1, NULL),
(7199, 'C55', 'C22', 1, NULL),
(7200, 'C55', 'C23', 1, NULL),
(7201, 'C55', 'C24', 1, NULL),
(7202, 'C55', 'C25', 1, NULL),
(7203, 'C55', 'C26', 1, NULL),
(7204, 'C55', 'C27', 1, NULL),
(7205, 'C55', 'C28', 1, NULL),
(7206, 'C55', 'C29', 1, NULL),
(7207, 'C55', 'C31', 1, NULL),
(7208, 'C55', 'C32', 1, NULL),
(7209, 'C55', 'C33', 1, NULL),
(7210, 'C55', 'C34', 1, NULL),
(7211, 'C55', 'C35', 1, NULL),
(7212, 'C55', 'C36', 1, NULL),
(7213, 'C55', 'C37', 1, NULL),
(7214, 'C55', 'C38', 1, NULL),
(7215, 'C55', 'C39', 1, NULL),
(7216, 'C55', 'C41', 1, NULL),
(7217, 'C55', 'C42', 1, NULL),
(7218, 'C55', 'C43', 1, NULL),
(7219, 'C55', 'C44', 1, NULL),
(7220, 'C55', 'C45', 1, NULL),
(7221, 'C55', 'C46', 1, NULL),
(7222, 'C55', 'C47', 1, NULL),
(7223, 'C55', 'C48', 1, NULL),
(7224, 'C55', 'C49', 1, NULL),
(7225, 'C55', 'C51', 0.2, NULL),
(7226, 'C55', 'C52', 0.25, NULL),
(7227, 'C55', 'C53', 0.333333333, NULL),
(7228, 'C55', 'C54', 0.5, NULL),
(7229, 'C55', 'C55', 1, NULL),
(7230, 'C11', 'C55', 1, NULL),
(7231, 'C12', 'C55', 1, NULL),
(7232, 'C13', 'C55', 1, NULL),
(7233, 'C14', 'C55', 1, NULL),
(7234, 'C15', 'C55', 1, NULL),
(7235, 'C16', 'C55', 1, NULL),
(7236, 'C17', 'C55', 1, NULL),
(7237, 'C18', 'C55', 1, NULL),
(7238, 'C19', 'C55', 1, NULL),
(7239, 'C21', 'C55', 1, NULL),
(7240, 'C22', 'C55', 1, NULL),
(7241, 'C23', 'C55', 1, NULL),
(7242, 'C24', 'C55', 1, NULL),
(7243, 'C25', 'C55', 1, NULL),
(7244, 'C26', 'C55', 1, NULL),
(7245, 'C27', 'C55', 1, NULL),
(7246, 'C28', 'C55', 1, NULL),
(7247, 'C29', 'C55', 1, NULL),
(7248, 'C31', 'C55', 1, NULL),
(7249, 'C32', 'C55', 1, NULL),
(7250, 'C33', 'C55', 1, NULL),
(7251, 'C34', 'C55', 1, NULL),
(7252, 'C35', 'C55', 1, NULL),
(7253, 'C36', 'C55', 1, NULL),
(7254, 'C37', 'C55', 1, NULL),
(7255, 'C38', 'C55', 1, NULL),
(7256, 'C39', 'C55', 1, NULL),
(7257, 'C41', 'C55', 1, NULL),
(7258, 'C42', 'C55', 1, NULL),
(7259, 'C43', 'C55', 1, NULL),
(7260, 'C44', 'C55', 1, NULL),
(7261, 'C45', 'C55', 1, NULL),
(7262, 'C46', 'C55', 1, NULL),
(7263, 'C47', 'C55', 1, NULL),
(7264, 'C48', 'C55', 1, NULL),
(7265, 'C49', 'C55', 1, NULL),
(7266, 'C51', 'C55', 5, NULL),
(7267, 'C52', 'C55', 4, NULL),
(7268, 'C53', 'C55', 3, NULL),
(7269, 'C54', 'C55', 2, NULL),
(7270, 'C56', 'C11', 1, NULL),
(7271, 'C56', 'C12', 1, NULL),
(7272, 'C56', 'C13', 1, NULL),
(7273, 'C56', 'C14', 1, NULL),
(7274, 'C56', 'C15', 1, NULL),
(7275, 'C56', 'C16', 1, NULL),
(7276, 'C56', 'C17', 1, NULL),
(7277, 'C56', 'C18', 1, NULL),
(7278, 'C56', 'C19', 1, NULL),
(7279, 'C56', 'C21', 1, NULL),
(7280, 'C56', 'C22', 1, NULL);
INSERT INTO `tb_rel_sub` (`ID`, `ID1`, `ID2`, `nilai`, `bobot`) VALUES
(7281, 'C56', 'C23', 1, NULL),
(7282, 'C56', 'C24', 1, NULL),
(7283, 'C56', 'C25', 1, NULL),
(7284, 'C56', 'C26', 1, NULL),
(7285, 'C56', 'C27', 1, NULL),
(7286, 'C56', 'C28', 1, NULL),
(7287, 'C56', 'C29', 1, NULL),
(7288, 'C56', 'C31', 1, NULL),
(7289, 'C56', 'C32', 1, NULL),
(7290, 'C56', 'C33', 1, NULL),
(7291, 'C56', 'C34', 1, NULL),
(7292, 'C56', 'C35', 1, NULL),
(7293, 'C56', 'C36', 1, NULL),
(7294, 'C56', 'C37', 1, NULL),
(7295, 'C56', 'C38', 1, NULL),
(7296, 'C56', 'C39', 1, NULL),
(7297, 'C56', 'C41', 1, NULL),
(7298, 'C56', 'C42', 1, NULL),
(7299, 'C56', 'C43', 1, NULL),
(7300, 'C56', 'C44', 1, NULL),
(7301, 'C56', 'C45', 1, NULL),
(7302, 'C56', 'C46', 1, NULL),
(7303, 'C56', 'C47', 1, NULL),
(7304, 'C56', 'C48', 1, NULL),
(7305, 'C56', 'C49', 1, NULL),
(7306, 'C56', 'C51', 0.166666666, NULL),
(7307, 'C56', 'C52', 0.2, NULL),
(7308, 'C56', 'C53', 0.25, NULL),
(7309, 'C56', 'C54', 0.333333333, NULL),
(7310, 'C56', 'C55', 0.5, NULL),
(7311, 'C56', 'C56', 1, NULL),
(7312, 'C11', 'C56', 1, NULL),
(7313, 'C12', 'C56', 1, NULL),
(7314, 'C13', 'C56', 1, NULL),
(7315, 'C14', 'C56', 1, NULL),
(7316, 'C15', 'C56', 1, NULL),
(7317, 'C16', 'C56', 1, NULL),
(7318, 'C17', 'C56', 1, NULL),
(7319, 'C18', 'C56', 1, NULL),
(7320, 'C19', 'C56', 1, NULL),
(7321, 'C21', 'C56', 1, NULL),
(7322, 'C22', 'C56', 1, NULL),
(7323, 'C23', 'C56', 1, NULL),
(7324, 'C24', 'C56', 1, NULL),
(7325, 'C25', 'C56', 1, NULL),
(7326, 'C26', 'C56', 1, NULL),
(7327, 'C27', 'C56', 1, NULL),
(7328, 'C28', 'C56', 1, NULL),
(7329, 'C29', 'C56', 1, NULL),
(7330, 'C31', 'C56', 1, NULL),
(7331, 'C32', 'C56', 1, NULL),
(7332, 'C33', 'C56', 1, NULL),
(7333, 'C34', 'C56', 1, NULL),
(7334, 'C35', 'C56', 1, NULL),
(7335, 'C36', 'C56', 1, NULL),
(7336, 'C37', 'C56', 1, NULL),
(7337, 'C38', 'C56', 1, NULL),
(7338, 'C39', 'C56', 1, NULL),
(7339, 'C41', 'C56', 1, NULL),
(7340, 'C42', 'C56', 1, NULL),
(7341, 'C43', 'C56', 1, NULL),
(7342, 'C44', 'C56', 1, NULL),
(7343, 'C45', 'C56', 1, NULL),
(7344, 'C46', 'C56', 1, NULL),
(7345, 'C47', 'C56', 1, NULL),
(7346, 'C48', 'C56', 1, NULL),
(7347, 'C49', 'C56', 1, NULL),
(7348, 'C51', 'C56', 6, NULL),
(7349, 'C52', 'C56', 5, NULL),
(7350, 'C53', 'C56', 4, NULL),
(7351, 'C54', 'C56', 3, NULL),
(7352, 'C55', 'C56', 2, NULL),
(7353, 'C57', 'C11', 1, NULL),
(7354, 'C57', 'C12', 1, NULL),
(7355, 'C57', 'C13', 1, NULL),
(7356, 'C57', 'C14', 1, NULL),
(7357, 'C57', 'C15', 1, NULL),
(7358, 'C57', 'C16', 1, NULL),
(7359, 'C57', 'C17', 1, NULL),
(7360, 'C57', 'C18', 1, NULL),
(7361, 'C57', 'C19', 1, NULL),
(7362, 'C57', 'C21', 1, NULL),
(7363, 'C57', 'C22', 1, NULL),
(7364, 'C57', 'C23', 1, NULL),
(7365, 'C57', 'C24', 1, NULL),
(7366, 'C57', 'C25', 1, NULL),
(7367, 'C57', 'C26', 1, NULL),
(7368, 'C57', 'C27', 1, NULL),
(7369, 'C57', 'C28', 1, NULL),
(7370, 'C57', 'C29', 1, NULL),
(7371, 'C57', 'C31', 1, NULL),
(7372, 'C57', 'C32', 1, NULL),
(7373, 'C57', 'C33', 1, NULL),
(7374, 'C57', 'C34', 1, NULL),
(7375, 'C57', 'C35', 1, NULL),
(7376, 'C57', 'C36', 1, NULL),
(7377, 'C57', 'C37', 1, NULL),
(7378, 'C57', 'C38', 1, NULL),
(7379, 'C57', 'C39', 1, NULL),
(7380, 'C57', 'C41', 1, NULL),
(7381, 'C57', 'C42', 1, NULL),
(7382, 'C57', 'C43', 1, NULL),
(7383, 'C57', 'C44', 1, NULL),
(7384, 'C57', 'C45', 1, NULL),
(7385, 'C57', 'C46', 1, NULL),
(7386, 'C57', 'C47', 1, NULL),
(7387, 'C57', 'C48', 1, NULL),
(7388, 'C57', 'C49', 1, NULL),
(7389, 'C57', 'C51', 0.142857142, NULL),
(7390, 'C57', 'C52', 0.166666666, NULL),
(7391, 'C57', 'C53', 0.2, NULL),
(7392, 'C57', 'C54', 0.25, NULL),
(7393, 'C57', 'C55', 0.333333333, NULL),
(7394, 'C57', 'C56', 0.5, NULL),
(7395, 'C57', 'C57', 1, NULL),
(7396, 'C11', 'C57', 1, NULL),
(7397, 'C12', 'C57', 1, NULL),
(7398, 'C13', 'C57', 1, NULL),
(7399, 'C14', 'C57', 1, NULL),
(7400, 'C15', 'C57', 1, NULL),
(7401, 'C16', 'C57', 1, NULL),
(7402, 'C17', 'C57', 1, NULL),
(7403, 'C18', 'C57', 1, NULL),
(7404, 'C19', 'C57', 1, NULL),
(7405, 'C21', 'C57', 1, NULL),
(7406, 'C22', 'C57', 1, NULL),
(7407, 'C23', 'C57', 1, NULL),
(7408, 'C24', 'C57', 1, NULL),
(7409, 'C25', 'C57', 1, NULL),
(7410, 'C26', 'C57', 1, NULL),
(7411, 'C27', 'C57', 1, NULL),
(7412, 'C28', 'C57', 1, NULL),
(7413, 'C29', 'C57', 1, NULL),
(7414, 'C31', 'C57', 1, NULL),
(7415, 'C32', 'C57', 1, NULL),
(7416, 'C33', 'C57', 1, NULL),
(7417, 'C34', 'C57', 1, NULL),
(7418, 'C35', 'C57', 1, NULL),
(7419, 'C36', 'C57', 1, NULL),
(7420, 'C37', 'C57', 1, NULL),
(7421, 'C38', 'C57', 1, NULL),
(7422, 'C39', 'C57', 1, NULL),
(7423, 'C41', 'C57', 1, NULL),
(7424, 'C42', 'C57', 1, NULL),
(7425, 'C43', 'C57', 1, NULL),
(7426, 'C44', 'C57', 1, NULL),
(7427, 'C45', 'C57', 1, NULL),
(7428, 'C46', 'C57', 1, NULL),
(7429, 'C47', 'C57', 1, NULL),
(7430, 'C48', 'C57', 1, NULL),
(7431, 'C49', 'C57', 1, NULL),
(7432, 'C51', 'C57', 7, NULL),
(7433, 'C52', 'C57', 6, NULL),
(7434, 'C53', 'C57', 5, NULL),
(7435, 'C54', 'C57', 4, NULL),
(7436, 'C55', 'C57', 3, NULL),
(7437, 'C56', 'C57', 2, NULL),
(7438, 'C58', 'C11', 1, NULL),
(7439, 'C58', 'C12', 1, NULL),
(7440, 'C58', 'C13', 1, NULL),
(7441, 'C58', 'C14', 1, NULL),
(7442, 'C58', 'C15', 1, NULL),
(7443, 'C58', 'C16', 1, NULL),
(7444, 'C58', 'C17', 1, NULL),
(7445, 'C58', 'C18', 1, NULL),
(7446, 'C58', 'C19', 1, NULL),
(7447, 'C58', 'C21', 1, NULL),
(7448, 'C58', 'C22', 1, NULL),
(7449, 'C58', 'C23', 1, NULL),
(7450, 'C58', 'C24', 1, NULL),
(7451, 'C58', 'C25', 1, NULL),
(7452, 'C58', 'C26', 1, NULL),
(7453, 'C58', 'C27', 1, NULL),
(7454, 'C58', 'C28', 1, NULL),
(7455, 'C58', 'C29', 1, NULL),
(7456, 'C58', 'C31', 1, NULL),
(7457, 'C58', 'C32', 1, NULL),
(7458, 'C58', 'C33', 1, NULL),
(7459, 'C58', 'C34', 1, NULL),
(7460, 'C58', 'C35', 1, NULL),
(7461, 'C58', 'C36', 1, NULL),
(7462, 'C58', 'C37', 1, NULL),
(7463, 'C58', 'C38', 1, NULL),
(7464, 'C58', 'C39', 1, NULL),
(7465, 'C58', 'C41', 1, NULL),
(7466, 'C58', 'C42', 1, NULL),
(7467, 'C58', 'C43', 1, NULL),
(7468, 'C58', 'C44', 1, NULL),
(7469, 'C58', 'C45', 1, NULL),
(7470, 'C58', 'C46', 1, NULL),
(7471, 'C58', 'C47', 1, NULL),
(7472, 'C58', 'C48', 1, NULL),
(7473, 'C58', 'C49', 1, NULL),
(7474, 'C58', 'C51', 0.125, NULL),
(7475, 'C58', 'C52', 0.142857142, NULL),
(7476, 'C58', 'C53', 0.166666666, NULL),
(7477, 'C58', 'C54', 0.2, NULL),
(7478, 'C58', 'C55', 0.25, NULL),
(7479, 'C58', 'C56', 0.333333333, NULL),
(7480, 'C58', 'C57', 0.5, NULL),
(7481, 'C58', 'C58', 1, NULL),
(7482, 'C11', 'C58', 1, NULL),
(7483, 'C12', 'C58', 1, NULL),
(7484, 'C13', 'C58', 1, NULL),
(7485, 'C14', 'C58', 1, NULL),
(7486, 'C15', 'C58', 1, NULL),
(7487, 'C16', 'C58', 1, NULL),
(7488, 'C17', 'C58', 1, NULL),
(7489, 'C18', 'C58', 1, NULL),
(7490, 'C19', 'C58', 1, NULL),
(7491, 'C21', 'C58', 1, NULL),
(7492, 'C22', 'C58', 1, NULL),
(7493, 'C23', 'C58', 1, NULL),
(7494, 'C24', 'C58', 1, NULL),
(7495, 'C25', 'C58', 1, NULL),
(7496, 'C26', 'C58', 1, NULL),
(7497, 'C27', 'C58', 1, NULL),
(7498, 'C28', 'C58', 1, NULL),
(7499, 'C29', 'C58', 1, NULL),
(7500, 'C31', 'C58', 1, NULL),
(7501, 'C32', 'C58', 1, NULL),
(7502, 'C33', 'C58', 1, NULL),
(7503, 'C34', 'C58', 1, NULL),
(7504, 'C35', 'C58', 1, NULL),
(7505, 'C36', 'C58', 1, NULL),
(7506, 'C37', 'C58', 1, NULL),
(7507, 'C38', 'C58', 1, NULL),
(7508, 'C39', 'C58', 1, NULL),
(7509, 'C41', 'C58', 1, NULL),
(7510, 'C42', 'C58', 1, NULL),
(7511, 'C43', 'C58', 1, NULL),
(7512, 'C44', 'C58', 1, NULL),
(7513, 'C45', 'C58', 1, NULL),
(7514, 'C46', 'C58', 1, NULL),
(7515, 'C47', 'C58', 1, NULL),
(7516, 'C48', 'C58', 1, NULL),
(7517, 'C49', 'C58', 1, NULL),
(7518, 'C51', 'C58', 8, NULL),
(7519, 'C52', 'C58', 7, NULL),
(7520, 'C53', 'C58', 6, NULL),
(7521, 'C54', 'C58', 5, NULL),
(7522, 'C55', 'C58', 4, NULL),
(7523, 'C56', 'C58', 3, NULL),
(7524, 'C57', 'C58', 2, NULL),
(7525, 'C59', 'C11', 1, NULL),
(7526, 'C59', 'C12', 1, NULL),
(7527, 'C59', 'C13', 1, NULL),
(7528, 'C59', 'C14', 1, NULL),
(7529, 'C59', 'C15', 1, NULL),
(7530, 'C59', 'C16', 1, NULL),
(7531, 'C59', 'C17', 1, NULL),
(7532, 'C59', 'C18', 1, NULL),
(7533, 'C59', 'C19', 1, NULL),
(7534, 'C59', 'C21', 1, NULL),
(7535, 'C59', 'C22', 1, NULL),
(7536, 'C59', 'C23', 1, NULL),
(7537, 'C59', 'C24', 1, NULL),
(7538, 'C59', 'C25', 1, NULL),
(7539, 'C59', 'C26', 1, NULL),
(7540, 'C59', 'C27', 1, NULL),
(7541, 'C59', 'C28', 1, NULL),
(7542, 'C59', 'C29', 1, NULL),
(7543, 'C59', 'C31', 1, NULL),
(7544, 'C59', 'C32', 1, NULL),
(7545, 'C59', 'C33', 1, NULL),
(7546, 'C59', 'C34', 1, NULL),
(7547, 'C59', 'C35', 1, NULL),
(7548, 'C59', 'C36', 1, NULL),
(7549, 'C59', 'C37', 1, NULL),
(7550, 'C59', 'C38', 1, NULL),
(7551, 'C59', 'C39', 1, NULL),
(7552, 'C59', 'C41', 1, NULL),
(7553, 'C59', 'C42', 1, NULL),
(7554, 'C59', 'C43', 1, NULL),
(7555, 'C59', 'C44', 1, NULL),
(7556, 'C59', 'C45', 1, NULL),
(7557, 'C59', 'C46', 1, NULL),
(7558, 'C59', 'C47', 1, NULL),
(7559, 'C59', 'C48', 1, NULL),
(7560, 'C59', 'C49', 1, NULL),
(7561, 'C59', 'C51', 0.111111111, NULL),
(7562, 'C59', 'C52', 0.125, NULL),
(7563, 'C59', 'C53', 0.142857142, NULL),
(7564, 'C59', 'C54', 0.166666666, NULL),
(7565, 'C59', 'C55', 0.2, NULL),
(7566, 'C59', 'C56', 0.25, NULL),
(7567, 'C59', 'C57', 0.333333333, NULL),
(7568, 'C59', 'C58', 0.5, NULL),
(7569, 'C59', 'C59', 1, NULL),
(7570, 'C11', 'C59', 1, NULL),
(7571, 'C12', 'C59', 1, NULL),
(7572, 'C13', 'C59', 1, NULL),
(7573, 'C14', 'C59', 1, NULL),
(7574, 'C15', 'C59', 1, NULL),
(7575, 'C16', 'C59', 1, NULL),
(7576, 'C17', 'C59', 1, NULL),
(7577, 'C18', 'C59', 1, NULL),
(7578, 'C19', 'C59', 1, NULL),
(7579, 'C21', 'C59', 1, NULL),
(7580, 'C22', 'C59', 1, NULL),
(7581, 'C23', 'C59', 1, NULL),
(7582, 'C24', 'C59', 1, NULL),
(7583, 'C25', 'C59', 1, NULL),
(7584, 'C26', 'C59', 1, NULL),
(7585, 'C27', 'C59', 1, NULL),
(7586, 'C28', 'C59', 1, NULL),
(7587, 'C29', 'C59', 1, NULL),
(7588, 'C31', 'C59', 1, NULL),
(7589, 'C32', 'C59', 1, NULL),
(7590, 'C33', 'C59', 1, NULL),
(7591, 'C34', 'C59', 1, NULL),
(7592, 'C35', 'C59', 1, NULL),
(7593, 'C36', 'C59', 1, NULL),
(7594, 'C37', 'C59', 1, NULL),
(7595, 'C38', 'C59', 1, NULL),
(7596, 'C39', 'C59', 1, NULL),
(7597, 'C41', 'C59', 1, NULL),
(7598, 'C42', 'C59', 1, NULL),
(7599, 'C43', 'C59', 1, NULL),
(7600, 'C44', 'C59', 1, NULL),
(7601, 'C45', 'C59', 1, NULL),
(7602, 'C46', 'C59', 1, NULL),
(7603, 'C47', 'C59', 1, NULL),
(7604, 'C48', 'C59', 1, NULL),
(7605, 'C49', 'C59', 1, NULL),
(7606, 'C51', 'C59', 9, NULL),
(7607, 'C52', 'C59', 8, NULL),
(7608, 'C53', 'C59', 7, NULL),
(7609, 'C54', 'C59', 6, NULL),
(7610, 'C55', 'C59', 5, NULL),
(7611, 'C56', 'C59', 4, NULL),
(7612, 'C57', 'C59', 3, NULL),
(7613, 'C58', 'C59', 2, NULL),
(7614, 'C61', 'C11', 1, NULL),
(7615, 'C61', 'C12', 1, NULL),
(7616, 'C61', 'C13', 1, NULL),
(7617, 'C61', 'C14', 1, NULL),
(7618, 'C61', 'C15', 1, NULL),
(7619, 'C61', 'C16', 1, NULL),
(7620, 'C61', 'C17', 1, NULL),
(7621, 'C61', 'C18', 1, NULL),
(7622, 'C61', 'C19', 1, NULL),
(7623, 'C61', 'C21', 1, NULL),
(7624, 'C61', 'C22', 1, NULL),
(7625, 'C61', 'C23', 1, NULL),
(7626, 'C61', 'C24', 1, NULL),
(7627, 'C61', 'C25', 1, NULL),
(7628, 'C61', 'C26', 1, NULL),
(7629, 'C61', 'C27', 1, NULL),
(7630, 'C61', 'C28', 1, NULL),
(7631, 'C61', 'C29', 1, NULL),
(7632, 'C61', 'C31', 1, NULL),
(7633, 'C61', 'C32', 1, NULL),
(7634, 'C61', 'C33', 1, NULL),
(7635, 'C61', 'C34', 1, NULL),
(7636, 'C61', 'C35', 1, NULL),
(7637, 'C61', 'C36', 1, NULL),
(7638, 'C61', 'C37', 1, NULL),
(7639, 'C61', 'C38', 1, NULL),
(7640, 'C61', 'C39', 1, NULL),
(7641, 'C61', 'C41', 1, NULL),
(7642, 'C61', 'C42', 1, NULL),
(7643, 'C61', 'C43', 1, NULL),
(7644, 'C61', 'C44', 1, NULL),
(7645, 'C61', 'C45', 1, NULL),
(7646, 'C61', 'C46', 1, NULL),
(7647, 'C61', 'C47', 1, NULL),
(7648, 'C61', 'C48', 1, NULL),
(7649, 'C61', 'C49', 1, NULL),
(7650, 'C61', 'C51', 1, NULL),
(7651, 'C61', 'C52', 1, NULL),
(7652, 'C61', 'C53', 1, NULL),
(7653, 'C61', 'C54', 1, NULL),
(7654, 'C61', 'C55', 1, NULL),
(7655, 'C61', 'C56', 1, NULL),
(7656, 'C61', 'C57', 1, NULL),
(7657, 'C61', 'C58', 1, NULL),
(7658, 'C61', 'C59', 1, NULL),
(7659, 'C61', 'C61', 1, NULL),
(7660, 'C11', 'C61', 1, NULL),
(7661, 'C12', 'C61', 1, NULL),
(7662, 'C13', 'C61', 1, NULL),
(7663, 'C14', 'C61', 1, NULL),
(7664, 'C15', 'C61', 1, NULL),
(7665, 'C16', 'C61', 1, NULL),
(7666, 'C17', 'C61', 1, NULL),
(7667, 'C18', 'C61', 1, NULL),
(7668, 'C19', 'C61', 1, NULL),
(7669, 'C21', 'C61', 1, NULL),
(7670, 'C22', 'C61', 1, NULL),
(7671, 'C23', 'C61', 1, NULL),
(7672, 'C24', 'C61', 1, NULL),
(7673, 'C25', 'C61', 1, NULL),
(7674, 'C26', 'C61', 1, NULL),
(7675, 'C27', 'C61', 1, NULL),
(7676, 'C28', 'C61', 1, NULL),
(7677, 'C29', 'C61', 1, NULL),
(7678, 'C31', 'C61', 1, NULL),
(7679, 'C32', 'C61', 1, NULL),
(7680, 'C33', 'C61', 1, NULL),
(7681, 'C34', 'C61', 1, NULL),
(7682, 'C35', 'C61', 1, NULL),
(7683, 'C36', 'C61', 1, NULL),
(7684, 'C37', 'C61', 1, NULL),
(7685, 'C38', 'C61', 1, NULL),
(7686, 'C39', 'C61', 1, NULL),
(7687, 'C41', 'C61', 1, NULL),
(7688, 'C42', 'C61', 1, NULL),
(7689, 'C43', 'C61', 1, NULL),
(7690, 'C44', 'C61', 1, NULL),
(7691, 'C45', 'C61', 1, NULL),
(7692, 'C46', 'C61', 1, NULL),
(7693, 'C47', 'C61', 1, NULL),
(7694, 'C48', 'C61', 1, NULL),
(7695, 'C49', 'C61', 1, NULL),
(7696, 'C51', 'C61', 1, NULL),
(7697, 'C52', 'C61', 1, NULL),
(7698, 'C53', 'C61', 1, NULL),
(7699, 'C54', 'C61', 1, NULL),
(7700, 'C55', 'C61', 1, NULL),
(7701, 'C56', 'C61', 1, NULL),
(7702, 'C57', 'C61', 1, NULL),
(7703, 'C58', 'C61', 1, NULL),
(7704, 'C59', 'C61', 1, NULL),
(7705, 'C62', 'C11', 1, NULL),
(7706, 'C62', 'C12', 1, NULL),
(7707, 'C62', 'C13', 1, NULL),
(7708, 'C62', 'C14', 1, NULL),
(7709, 'C62', 'C15', 1, NULL),
(7710, 'C62', 'C16', 1, NULL),
(7711, 'C62', 'C17', 1, NULL),
(7712, 'C62', 'C18', 1, NULL),
(7713, 'C62', 'C19', 1, NULL),
(7714, 'C62', 'C21', 1, NULL),
(7715, 'C62', 'C22', 1, NULL),
(7716, 'C62', 'C23', 1, NULL),
(7717, 'C62', 'C24', 1, NULL),
(7718, 'C62', 'C25', 1, NULL),
(7719, 'C62', 'C26', 1, NULL),
(7720, 'C62', 'C27', 1, NULL),
(7721, 'C62', 'C28', 1, NULL),
(7722, 'C62', 'C29', 1, NULL),
(7723, 'C62', 'C31', 1, NULL),
(7724, 'C62', 'C32', 1, NULL),
(7725, 'C62', 'C33', 1, NULL),
(7726, 'C62', 'C34', 1, NULL),
(7727, 'C62', 'C35', 1, NULL),
(7728, 'C62', 'C36', 1, NULL),
(7729, 'C62', 'C37', 1, NULL),
(7730, 'C62', 'C38', 1, NULL),
(7731, 'C62', 'C39', 1, NULL),
(7732, 'C62', 'C41', 1, NULL),
(7733, 'C62', 'C42', 1, NULL),
(7734, 'C62', 'C43', 1, NULL),
(7735, 'C62', 'C44', 1, NULL),
(7736, 'C62', 'C45', 1, NULL),
(7737, 'C62', 'C46', 1, NULL),
(7738, 'C62', 'C47', 1, NULL),
(7739, 'C62', 'C48', 1, NULL),
(7740, 'C62', 'C49', 1, NULL),
(7741, 'C62', 'C51', 1, NULL),
(7742, 'C62', 'C52', 1, NULL),
(7743, 'C62', 'C53', 1, NULL),
(7744, 'C62', 'C54', 1, NULL),
(7745, 'C62', 'C55', 1, NULL),
(7746, 'C62', 'C56', 1, NULL),
(7747, 'C62', 'C57', 1, NULL),
(7748, 'C62', 'C58', 1, NULL),
(7749, 'C62', 'C59', 1, NULL),
(7750, 'C62', 'C61', 0.5, NULL),
(7751, 'C62', 'C62', 1, NULL),
(7752, 'C11', 'C62', 1, NULL),
(7753, 'C12', 'C62', 1, NULL),
(7754, 'C13', 'C62', 1, NULL),
(7755, 'C14', 'C62', 1, NULL),
(7756, 'C15', 'C62', 1, NULL),
(7757, 'C16', 'C62', 1, NULL),
(7758, 'C17', 'C62', 1, NULL),
(7759, 'C18', 'C62', 1, NULL),
(7760, 'C19', 'C62', 1, NULL),
(7761, 'C21', 'C62', 1, NULL),
(7762, 'C22', 'C62', 1, NULL),
(7763, 'C23', 'C62', 1, NULL),
(7764, 'C24', 'C62', 1, NULL),
(7765, 'C25', 'C62', 1, NULL),
(7766, 'C26', 'C62', 1, NULL),
(7767, 'C27', 'C62', 1, NULL),
(7768, 'C28', 'C62', 1, NULL),
(7769, 'C29', 'C62', 1, NULL),
(7770, 'C31', 'C62', 1, NULL),
(7771, 'C32', 'C62', 1, NULL),
(7772, 'C33', 'C62', 1, NULL),
(7773, 'C34', 'C62', 1, NULL),
(7774, 'C35', 'C62', 1, NULL),
(7775, 'C36', 'C62', 1, NULL),
(7776, 'C37', 'C62', 1, NULL),
(7777, 'C38', 'C62', 1, NULL),
(7778, 'C39', 'C62', 1, NULL),
(7779, 'C41', 'C62', 1, NULL),
(7780, 'C42', 'C62', 1, NULL),
(7781, 'C43', 'C62', 1, NULL),
(7782, 'C44', 'C62', 1, NULL),
(7783, 'C45', 'C62', 1, NULL),
(7784, 'C46', 'C62', 1, NULL),
(7785, 'C47', 'C62', 1, NULL),
(7786, 'C48', 'C62', 1, NULL),
(7787, 'C49', 'C62', 1, NULL),
(7788, 'C51', 'C62', 1, NULL),
(7789, 'C52', 'C62', 1, NULL),
(7790, 'C53', 'C62', 1, NULL),
(7791, 'C54', 'C62', 1, NULL),
(7792, 'C55', 'C62', 1, NULL),
(7793, 'C56', 'C62', 1, NULL),
(7794, 'C57', 'C62', 1, NULL),
(7795, 'C58', 'C62', 1, NULL),
(7796, 'C59', 'C62', 1, NULL),
(7797, 'C61', 'C62', 2, NULL),
(7798, 'C63', 'C11', 1, NULL),
(7799, 'C63', 'C12', 1, NULL),
(7800, 'C63', 'C13', 1, NULL),
(7801, 'C63', 'C14', 1, NULL),
(7802, 'C63', 'C15', 1, NULL),
(7803, 'C63', 'C16', 1, NULL),
(7804, 'C63', 'C17', 1, NULL),
(7805, 'C63', 'C18', 1, NULL),
(7806, 'C63', 'C19', 1, NULL),
(7807, 'C63', 'C21', 1, NULL),
(7808, 'C63', 'C22', 1, NULL),
(7809, 'C63', 'C23', 1, NULL),
(7810, 'C63', 'C24', 1, NULL),
(7811, 'C63', 'C25', 1, NULL),
(7812, 'C63', 'C26', 1, NULL),
(7813, 'C63', 'C27', 1, NULL),
(7814, 'C63', 'C28', 1, NULL),
(7815, 'C63', 'C29', 1, NULL),
(7816, 'C63', 'C31', 1, NULL),
(7817, 'C63', 'C32', 1, NULL),
(7818, 'C63', 'C33', 1, NULL),
(7819, 'C63', 'C34', 1, NULL),
(7820, 'C63', 'C35', 1, NULL),
(7821, 'C63', 'C36', 1, NULL),
(7822, 'C63', 'C37', 1, NULL),
(7823, 'C63', 'C38', 1, NULL),
(7824, 'C63', 'C39', 1, NULL),
(7825, 'C63', 'C41', 1, NULL),
(7826, 'C63', 'C42', 1, NULL),
(7827, 'C63', 'C43', 1, NULL),
(7828, 'C63', 'C44', 1, NULL),
(7829, 'C63', 'C45', 1, NULL),
(7830, 'C63', 'C46', 1, NULL),
(7831, 'C63', 'C47', 1, NULL),
(7832, 'C63', 'C48', 1, NULL),
(7833, 'C63', 'C49', 1, NULL),
(7834, 'C63', 'C51', 1, NULL),
(7835, 'C63', 'C52', 1, NULL),
(7836, 'C63', 'C53', 1, NULL),
(7837, 'C63', 'C54', 1, NULL),
(7838, 'C63', 'C55', 1, NULL),
(7839, 'C63', 'C56', 1, NULL),
(7840, 'C63', 'C57', 1, NULL),
(7841, 'C63', 'C58', 1, NULL),
(7842, 'C63', 'C59', 1, NULL),
(7843, 'C63', 'C61', 0.333333333, NULL),
(7844, 'C63', 'C62', 0.5, NULL),
(7845, 'C63', 'C63', 1, NULL),
(7846, 'C11', 'C63', 1, NULL),
(7847, 'C12', 'C63', 1, NULL),
(7848, 'C13', 'C63', 1, NULL),
(7849, 'C14', 'C63', 1, NULL),
(7850, 'C15', 'C63', 1, NULL),
(7851, 'C16', 'C63', 1, NULL),
(7852, 'C17', 'C63', 1, NULL),
(7853, 'C18', 'C63', 1, NULL),
(7854, 'C19', 'C63', 1, NULL),
(7855, 'C21', 'C63', 1, NULL),
(7856, 'C22', 'C63', 1, NULL),
(7857, 'C23', 'C63', 1, NULL),
(7858, 'C24', 'C63', 1, NULL),
(7859, 'C25', 'C63', 1, NULL),
(7860, 'C26', 'C63', 1, NULL),
(7861, 'C27', 'C63', 1, NULL),
(7862, 'C28', 'C63', 1, NULL),
(7863, 'C29', 'C63', 1, NULL),
(7864, 'C31', 'C63', 1, NULL),
(7865, 'C32', 'C63', 1, NULL),
(7866, 'C33', 'C63', 1, NULL),
(7867, 'C34', 'C63', 1, NULL),
(7868, 'C35', 'C63', 1, NULL),
(7869, 'C36', 'C63', 1, NULL),
(7870, 'C37', 'C63', 1, NULL),
(7871, 'C38', 'C63', 1, NULL),
(7872, 'C39', 'C63', 1, NULL),
(7873, 'C41', 'C63', 1, NULL),
(7874, 'C42', 'C63', 1, NULL),
(7875, 'C43', 'C63', 1, NULL),
(7876, 'C44', 'C63', 1, NULL),
(7877, 'C45', 'C63', 1, NULL),
(7878, 'C46', 'C63', 1, NULL),
(7879, 'C47', 'C63', 1, NULL),
(7880, 'C48', 'C63', 1, NULL),
(7881, 'C49', 'C63', 1, NULL),
(7882, 'C51', 'C63', 1, NULL),
(7883, 'C52', 'C63', 1, NULL),
(7884, 'C53', 'C63', 1, NULL),
(7885, 'C54', 'C63', 1, NULL),
(7886, 'C55', 'C63', 1, NULL),
(7887, 'C56', 'C63', 1, NULL),
(7888, 'C57', 'C63', 1, NULL),
(7889, 'C58', 'C63', 1, NULL),
(7890, 'C59', 'C63', 1, NULL),
(7891, 'C61', 'C63', 3, NULL),
(7892, 'C62', 'C63', 2, NULL),
(7893, 'C64', 'C11', 1, NULL),
(7894, 'C64', 'C12', 1, NULL),
(7895, 'C64', 'C13', 1, NULL),
(7896, 'C64', 'C14', 1, NULL),
(7897, 'C64', 'C15', 1, NULL),
(7898, 'C64', 'C16', 1, NULL),
(7899, 'C64', 'C17', 1, NULL),
(7900, 'C64', 'C18', 1, NULL),
(7901, 'C64', 'C19', 1, NULL),
(7902, 'C64', 'C21', 1, NULL),
(7903, 'C64', 'C22', 1, NULL),
(7904, 'C64', 'C23', 1, NULL),
(7905, 'C64', 'C24', 1, NULL),
(7906, 'C64', 'C25', 1, NULL),
(7907, 'C64', 'C26', 1, NULL),
(7908, 'C64', 'C27', 1, NULL),
(7909, 'C64', 'C28', 1, NULL),
(7910, 'C64', 'C29', 1, NULL),
(7911, 'C64', 'C31', 1, NULL),
(7912, 'C64', 'C32', 1, NULL),
(7913, 'C64', 'C33', 1, NULL),
(7914, 'C64', 'C34', 1, NULL),
(7915, 'C64', 'C35', 1, NULL),
(7916, 'C64', 'C36', 1, NULL),
(7917, 'C64', 'C37', 1, NULL),
(7918, 'C64', 'C38', 1, NULL),
(7919, 'C64', 'C39', 1, NULL),
(7920, 'C64', 'C41', 1, NULL),
(7921, 'C64', 'C42', 1, NULL),
(7922, 'C64', 'C43', 1, NULL),
(7923, 'C64', 'C44', 1, NULL),
(7924, 'C64', 'C45', 1, NULL),
(7925, 'C64', 'C46', 1, NULL),
(7926, 'C64', 'C47', 1, NULL),
(7927, 'C64', 'C48', 1, NULL),
(7928, 'C64', 'C49', 1, NULL),
(7929, 'C64', 'C51', 1, NULL),
(7930, 'C64', 'C52', 1, NULL),
(7931, 'C64', 'C53', 1, NULL),
(7932, 'C64', 'C54', 1, NULL),
(7933, 'C64', 'C55', 1, NULL),
(7934, 'C64', 'C56', 1, NULL),
(7935, 'C64', 'C57', 1, NULL),
(7936, 'C64', 'C58', 1, NULL),
(7937, 'C64', 'C59', 1, NULL),
(7938, 'C64', 'C61', 0.25, NULL),
(7939, 'C64', 'C62', 0.333333333, NULL),
(7940, 'C64', 'C63', 0.5, NULL),
(7941, 'C64', 'C64', 1, NULL),
(7942, 'C11', 'C64', 1, NULL),
(7943, 'C12', 'C64', 1, NULL),
(7944, 'C13', 'C64', 1, NULL),
(7945, 'C14', 'C64', 1, NULL),
(7946, 'C15', 'C64', 1, NULL),
(7947, 'C16', 'C64', 1, NULL),
(7948, 'C17', 'C64', 1, NULL),
(7949, 'C18', 'C64', 1, NULL),
(7950, 'C19', 'C64', 1, NULL),
(7951, 'C21', 'C64', 1, NULL),
(7952, 'C22', 'C64', 1, NULL),
(7953, 'C23', 'C64', 1, NULL),
(7954, 'C24', 'C64', 1, NULL),
(7955, 'C25', 'C64', 1, NULL),
(7956, 'C26', 'C64', 1, NULL),
(7957, 'C27', 'C64', 1, NULL),
(7958, 'C28', 'C64', 1, NULL),
(7959, 'C29', 'C64', 1, NULL),
(7960, 'C31', 'C64', 1, NULL),
(7961, 'C32', 'C64', 1, NULL),
(7962, 'C33', 'C64', 1, NULL),
(7963, 'C34', 'C64', 1, NULL),
(7964, 'C35', 'C64', 1, NULL),
(7965, 'C36', 'C64', 1, NULL),
(7966, 'C37', 'C64', 1, NULL),
(7967, 'C38', 'C64', 1, NULL),
(7968, 'C39', 'C64', 1, NULL),
(7969, 'C41', 'C64', 1, NULL),
(7970, 'C42', 'C64', 1, NULL),
(7971, 'C43', 'C64', 1, NULL),
(7972, 'C44', 'C64', 1, NULL),
(7973, 'C45', 'C64', 1, NULL),
(7974, 'C46', 'C64', 1, NULL),
(7975, 'C47', 'C64', 1, NULL),
(7976, 'C48', 'C64', 1, NULL),
(7977, 'C49', 'C64', 1, NULL),
(7978, 'C51', 'C64', 1, NULL),
(7979, 'C52', 'C64', 1, NULL),
(7980, 'C53', 'C64', 1, NULL),
(7981, 'C54', 'C64', 1, NULL),
(7982, 'C55', 'C64', 1, NULL),
(7983, 'C56', 'C64', 1, NULL),
(7984, 'C57', 'C64', 1, NULL),
(7985, 'C58', 'C64', 1, NULL),
(7986, 'C59', 'C64', 1, NULL),
(7987, 'C61', 'C64', 4, NULL),
(7988, 'C62', 'C64', 3, NULL),
(7989, 'C63', 'C64', 2, NULL),
(7990, 'C65', 'C11', 1, NULL),
(7991, 'C65', 'C12', 1, NULL),
(7992, 'C65', 'C13', 1, NULL),
(7993, 'C65', 'C14', 1, NULL),
(7994, 'C65', 'C15', 1, NULL),
(7995, 'C65', 'C16', 1, NULL),
(7996, 'C65', 'C17', 1, NULL),
(7997, 'C65', 'C18', 1, NULL),
(7998, 'C65', 'C19', 1, NULL),
(7999, 'C65', 'C21', 1, NULL),
(8000, 'C65', 'C22', 1, NULL),
(8001, 'C65', 'C23', 1, NULL),
(8002, 'C65', 'C24', 1, NULL),
(8003, 'C65', 'C25', 1, NULL),
(8004, 'C65', 'C26', 1, NULL),
(8005, 'C65', 'C27', 1, NULL),
(8006, 'C65', 'C28', 1, NULL),
(8007, 'C65', 'C29', 1, NULL),
(8008, 'C65', 'C31', 1, NULL),
(8009, 'C65', 'C32', 1, NULL),
(8010, 'C65', 'C33', 1, NULL),
(8011, 'C65', 'C34', 1, NULL),
(8012, 'C65', 'C35', 1, NULL),
(8013, 'C65', 'C36', 1, NULL),
(8014, 'C65', 'C37', 1, NULL),
(8015, 'C65', 'C38', 1, NULL),
(8016, 'C65', 'C39', 1, NULL),
(8017, 'C65', 'C41', 1, NULL),
(8018, 'C65', 'C42', 1, NULL),
(8019, 'C65', 'C43', 1, NULL),
(8020, 'C65', 'C44', 1, NULL),
(8021, 'C65', 'C45', 1, NULL),
(8022, 'C65', 'C46', 1, NULL),
(8023, 'C65', 'C47', 1, NULL),
(8024, 'C65', 'C48', 1, NULL),
(8025, 'C65', 'C49', 1, NULL),
(8026, 'C65', 'C51', 1, NULL),
(8027, 'C65', 'C52', 1, NULL),
(8028, 'C65', 'C53', 1, NULL),
(8029, 'C65', 'C54', 1, NULL),
(8030, 'C65', 'C55', 1, NULL),
(8031, 'C65', 'C56', 1, NULL),
(8032, 'C65', 'C57', 1, NULL),
(8033, 'C65', 'C58', 1, NULL),
(8034, 'C65', 'C59', 1, NULL),
(8035, 'C65', 'C61', 0.2, NULL),
(8036, 'C65', 'C62', 0.25, NULL),
(8037, 'C65', 'C63', 0.333333333, NULL),
(8038, 'C65', 'C64', 0.5, NULL),
(8039, 'C65', 'C65', 1, NULL),
(8040, 'C11', 'C65', 1, NULL),
(8041, 'C12', 'C65', 1, NULL),
(8042, 'C13', 'C65', 1, NULL),
(8043, 'C14', 'C65', 1, NULL),
(8044, 'C15', 'C65', 1, NULL),
(8045, 'C16', 'C65', 1, NULL),
(8046, 'C17', 'C65', 1, NULL),
(8047, 'C18', 'C65', 1, NULL),
(8048, 'C19', 'C65', 1, NULL),
(8049, 'C21', 'C65', 1, NULL),
(8050, 'C22', 'C65', 1, NULL),
(8051, 'C23', 'C65', 1, NULL),
(8052, 'C24', 'C65', 1, NULL),
(8053, 'C25', 'C65', 1, NULL),
(8054, 'C26', 'C65', 1, NULL),
(8055, 'C27', 'C65', 1, NULL),
(8056, 'C28', 'C65', 1, NULL),
(8057, 'C29', 'C65', 1, NULL),
(8058, 'C31', 'C65', 1, NULL),
(8059, 'C32', 'C65', 1, NULL),
(8060, 'C33', 'C65', 1, NULL),
(8061, 'C34', 'C65', 1, NULL),
(8062, 'C35', 'C65', 1, NULL),
(8063, 'C36', 'C65', 1, NULL),
(8064, 'C37', 'C65', 1, NULL),
(8065, 'C38', 'C65', 1, NULL),
(8066, 'C39', 'C65', 1, NULL),
(8067, 'C41', 'C65', 1, NULL),
(8068, 'C42', 'C65', 1, NULL),
(8069, 'C43', 'C65', 1, NULL),
(8070, 'C44', 'C65', 1, NULL),
(8071, 'C45', 'C65', 1, NULL),
(8072, 'C46', 'C65', 1, NULL),
(8073, 'C47', 'C65', 1, NULL),
(8074, 'C48', 'C65', 1, NULL),
(8075, 'C49', 'C65', 1, NULL),
(8076, 'C51', 'C65', 1, NULL),
(8077, 'C52', 'C65', 1, NULL),
(8078, 'C53', 'C65', 1, NULL),
(8079, 'C54', 'C65', 1, NULL),
(8080, 'C55', 'C65', 1, NULL),
(8081, 'C56', 'C65', 1, NULL),
(8082, 'C57', 'C65', 1, NULL),
(8083, 'C58', 'C65', 1, NULL),
(8084, 'C59', 'C65', 1, NULL),
(8085, 'C61', 'C65', 5, NULL),
(8086, 'C62', 'C65', 4, NULL),
(8087, 'C63', 'C65', 3, NULL),
(8088, 'C64', 'C65', 2, NULL),
(8089, 'C66', 'C11', 1, NULL),
(8090, 'C66', 'C12', 1, NULL),
(8091, 'C66', 'C13', 1, NULL),
(8092, 'C66', 'C14', 1, NULL),
(8093, 'C66', 'C15', 1, NULL),
(8094, 'C66', 'C16', 1, NULL),
(8095, 'C66', 'C17', 1, NULL),
(8096, 'C66', 'C18', 1, NULL),
(8097, 'C66', 'C19', 1, NULL),
(8098, 'C66', 'C21', 1, NULL),
(8099, 'C66', 'C22', 1, NULL),
(8100, 'C66', 'C23', 1, NULL),
(8101, 'C66', 'C24', 1, NULL),
(8102, 'C66', 'C25', 1, NULL),
(8103, 'C66', 'C26', 1, NULL),
(8104, 'C66', 'C27', 1, NULL),
(8105, 'C66', 'C28', 1, NULL),
(8106, 'C66', 'C29', 1, NULL),
(8107, 'C66', 'C31', 1, NULL),
(8108, 'C66', 'C32', 1, NULL),
(8109, 'C66', 'C33', 1, NULL),
(8110, 'C66', 'C34', 1, NULL),
(8111, 'C66', 'C35', 1, NULL),
(8112, 'C66', 'C36', 1, NULL),
(8113, 'C66', 'C37', 1, NULL),
(8114, 'C66', 'C38', 1, NULL),
(8115, 'C66', 'C39', 1, NULL),
(8116, 'C66', 'C41', 1, NULL),
(8117, 'C66', 'C42', 1, NULL),
(8118, 'C66', 'C43', 1, NULL),
(8119, 'C66', 'C44', 1, NULL),
(8120, 'C66', 'C45', 1, NULL),
(8121, 'C66', 'C46', 1, NULL),
(8122, 'C66', 'C47', 1, NULL),
(8123, 'C66', 'C48', 1, NULL),
(8124, 'C66', 'C49', 1, NULL),
(8125, 'C66', 'C51', 1, NULL),
(8126, 'C66', 'C52', 1, NULL),
(8127, 'C66', 'C53', 1, NULL),
(8128, 'C66', 'C54', 1, NULL),
(8129, 'C66', 'C55', 1, NULL),
(8130, 'C66', 'C56', 1, NULL),
(8131, 'C66', 'C57', 1, NULL),
(8132, 'C66', 'C58', 1, NULL),
(8133, 'C66', 'C59', 1, NULL),
(8134, 'C66', 'C61', 0.166666666, NULL),
(8135, 'C66', 'C62', 0.2, NULL),
(8136, 'C66', 'C63', 0.25, NULL),
(8137, 'C66', 'C64', 0.333333333, NULL),
(8138, 'C66', 'C65', 0.5, NULL),
(8139, 'C66', 'C66', 1, NULL),
(8140, 'C11', 'C66', 1, NULL),
(8141, 'C12', 'C66', 1, NULL),
(8142, 'C13', 'C66', 1, NULL),
(8143, 'C14', 'C66', 1, NULL),
(8144, 'C15', 'C66', 1, NULL),
(8145, 'C16', 'C66', 1, NULL),
(8146, 'C17', 'C66', 1, NULL),
(8147, 'C18', 'C66', 1, NULL),
(8148, 'C19', 'C66', 1, NULL),
(8149, 'C21', 'C66', 1, NULL),
(8150, 'C22', 'C66', 1, NULL),
(8151, 'C23', 'C66', 1, NULL),
(8152, 'C24', 'C66', 1, NULL),
(8153, 'C25', 'C66', 1, NULL),
(8154, 'C26', 'C66', 1, NULL),
(8155, 'C27', 'C66', 1, NULL),
(8156, 'C28', 'C66', 1, NULL),
(8157, 'C29', 'C66', 1, NULL),
(8158, 'C31', 'C66', 1, NULL),
(8159, 'C32', 'C66', 1, NULL),
(8160, 'C33', 'C66', 1, NULL),
(8161, 'C34', 'C66', 1, NULL),
(8162, 'C35', 'C66', 1, NULL),
(8163, 'C36', 'C66', 1, NULL),
(8164, 'C37', 'C66', 1, NULL),
(8165, 'C38', 'C66', 1, NULL),
(8166, 'C39', 'C66', 1, NULL),
(8167, 'C41', 'C66', 1, NULL),
(8168, 'C42', 'C66', 1, NULL),
(8169, 'C43', 'C66', 1, NULL),
(8170, 'C44', 'C66', 1, NULL),
(8171, 'C45', 'C66', 1, NULL),
(8172, 'C46', 'C66', 1, NULL),
(8173, 'C47', 'C66', 1, NULL),
(8174, 'C48', 'C66', 1, NULL),
(8175, 'C49', 'C66', 1, NULL),
(8176, 'C51', 'C66', 1, NULL),
(8177, 'C52', 'C66', 1, NULL),
(8178, 'C53', 'C66', 1, NULL),
(8179, 'C54', 'C66', 1, NULL),
(8180, 'C55', 'C66', 1, NULL),
(8181, 'C56', 'C66', 1, NULL),
(8182, 'C57', 'C66', 1, NULL),
(8183, 'C58', 'C66', 1, NULL),
(8184, 'C59', 'C66', 1, NULL),
(8185, 'C61', 'C66', 6, NULL),
(8186, 'C62', 'C66', 5, NULL),
(8187, 'C63', 'C66', 4, NULL),
(8188, 'C64', 'C66', 3, NULL),
(8189, 'C65', 'C66', 2, NULL),
(8190, 'C67', 'C11', 1, NULL),
(8191, 'C67', 'C12', 1, NULL),
(8192, 'C67', 'C13', 1, NULL),
(8193, 'C67', 'C14', 1, NULL),
(8194, 'C67', 'C15', 1, NULL),
(8195, 'C67', 'C16', 1, NULL),
(8196, 'C67', 'C17', 1, NULL),
(8197, 'C67', 'C18', 1, NULL),
(8198, 'C67', 'C19', 1, NULL),
(8199, 'C67', 'C21', 1, NULL),
(8200, 'C67', 'C22', 1, NULL),
(8201, 'C67', 'C23', 1, NULL),
(8202, 'C67', 'C24', 1, NULL),
(8203, 'C67', 'C25', 1, NULL),
(8204, 'C67', 'C26', 1, NULL),
(8205, 'C67', 'C27', 1, NULL),
(8206, 'C67', 'C28', 1, NULL),
(8207, 'C67', 'C29', 1, NULL),
(8208, 'C67', 'C31', 1, NULL),
(8209, 'C67', 'C32', 1, NULL),
(8210, 'C67', 'C33', 1, NULL),
(8211, 'C67', 'C34', 1, NULL),
(8212, 'C67', 'C35', 1, NULL),
(8213, 'C67', 'C36', 1, NULL),
(8214, 'C67', 'C37', 1, NULL),
(8215, 'C67', 'C38', 1, NULL),
(8216, 'C67', 'C39', 1, NULL),
(8217, 'C67', 'C41', 1, NULL),
(8218, 'C67', 'C42', 1, NULL),
(8219, 'C67', 'C43', 1, NULL),
(8220, 'C67', 'C44', 1, NULL),
(8221, 'C67', 'C45', 1, NULL),
(8222, 'C67', 'C46', 1, NULL),
(8223, 'C67', 'C47', 1, NULL),
(8224, 'C67', 'C48', 1, NULL),
(8225, 'C67', 'C49', 1, NULL),
(8226, 'C67', 'C51', 1, NULL),
(8227, 'C67', 'C52', 1, NULL),
(8228, 'C67', 'C53', 1, NULL),
(8229, 'C67', 'C54', 1, NULL),
(8230, 'C67', 'C55', 1, NULL),
(8231, 'C67', 'C56', 1, NULL),
(8232, 'C67', 'C57', 1, NULL),
(8233, 'C67', 'C58', 1, NULL),
(8234, 'C67', 'C59', 1, NULL),
(8235, 'C67', 'C61', 0.142857142, NULL),
(8236, 'C67', 'C62', 0.166666666, NULL),
(8237, 'C67', 'C63', 0.2, NULL),
(8238, 'C67', 'C64', 0.25, NULL),
(8239, 'C67', 'C65', 0.333333333, NULL),
(8240, 'C67', 'C66', 0.5, NULL),
(8241, 'C67', 'C67', 1, NULL),
(8242, 'C11', 'C67', 1, NULL),
(8243, 'C12', 'C67', 1, NULL),
(8244, 'C13', 'C67', 1, NULL),
(8245, 'C14', 'C67', 1, NULL),
(8246, 'C15', 'C67', 1, NULL),
(8247, 'C16', 'C67', 1, NULL),
(8248, 'C17', 'C67', 1, NULL),
(8249, 'C18', 'C67', 1, NULL),
(8250, 'C19', 'C67', 1, NULL),
(8251, 'C21', 'C67', 1, NULL),
(8252, 'C22', 'C67', 1, NULL),
(8253, 'C23', 'C67', 1, NULL),
(8254, 'C24', 'C67', 1, NULL),
(8255, 'C25', 'C67', 1, NULL),
(8256, 'C26', 'C67', 1, NULL),
(8257, 'C27', 'C67', 1, NULL),
(8258, 'C28', 'C67', 1, NULL),
(8259, 'C29', 'C67', 1, NULL),
(8260, 'C31', 'C67', 1, NULL),
(8261, 'C32', 'C67', 1, NULL),
(8262, 'C33', 'C67', 1, NULL),
(8263, 'C34', 'C67', 1, NULL),
(8264, 'C35', 'C67', 1, NULL),
(8265, 'C36', 'C67', 1, NULL),
(8266, 'C37', 'C67', 1, NULL),
(8267, 'C38', 'C67', 1, NULL),
(8268, 'C39', 'C67', 1, NULL),
(8269, 'C41', 'C67', 1, NULL),
(8270, 'C42', 'C67', 1, NULL),
(8271, 'C43', 'C67', 1, NULL),
(8272, 'C44', 'C67', 1, NULL),
(8273, 'C45', 'C67', 1, NULL),
(8274, 'C46', 'C67', 1, NULL),
(8275, 'C47', 'C67', 1, NULL),
(8276, 'C48', 'C67', 1, NULL),
(8277, 'C49', 'C67', 1, NULL),
(8278, 'C51', 'C67', 1, NULL),
(8279, 'C52', 'C67', 1, NULL),
(8280, 'C53', 'C67', 1, NULL),
(8281, 'C54', 'C67', 1, NULL),
(8282, 'C55', 'C67', 1, NULL),
(8283, 'C56', 'C67', 1, NULL),
(8284, 'C57', 'C67', 1, NULL),
(8285, 'C58', 'C67', 1, NULL),
(8286, 'C59', 'C67', 1, NULL),
(8287, 'C61', 'C67', 7, NULL),
(8288, 'C62', 'C67', 6, NULL),
(8289, 'C63', 'C67', 5, NULL),
(8290, 'C64', 'C67', 4, NULL),
(8291, 'C65', 'C67', 3, NULL),
(8292, 'C66', 'C67', 2, NULL),
(8293, 'C68', 'C11', 1, NULL),
(8294, 'C68', 'C12', 1, NULL),
(8295, 'C68', 'C13', 1, NULL),
(8296, 'C68', 'C14', 1, NULL),
(8297, 'C68', 'C15', 1, NULL),
(8298, 'C68', 'C16', 1, NULL),
(8299, 'C68', 'C17', 1, NULL),
(8300, 'C68', 'C18', 1, NULL),
(8301, 'C68', 'C19', 1, NULL),
(8302, 'C68', 'C21', 1, NULL),
(8303, 'C68', 'C22', 1, NULL),
(8304, 'C68', 'C23', 1, NULL),
(8305, 'C68', 'C24', 1, NULL),
(8306, 'C68', 'C25', 1, NULL),
(8307, 'C68', 'C26', 1, NULL),
(8308, 'C68', 'C27', 1, NULL),
(8309, 'C68', 'C28', 1, NULL),
(8310, 'C68', 'C29', 1, NULL),
(8311, 'C68', 'C31', 1, NULL),
(8312, 'C68', 'C32', 1, NULL),
(8313, 'C68', 'C33', 1, NULL),
(8314, 'C68', 'C34', 1, NULL),
(8315, 'C68', 'C35', 1, NULL),
(8316, 'C68', 'C36', 1, NULL),
(8317, 'C68', 'C37', 1, NULL),
(8318, 'C68', 'C38', 1, NULL),
(8319, 'C68', 'C39', 1, NULL),
(8320, 'C68', 'C41', 1, NULL),
(8321, 'C68', 'C42', 1, NULL),
(8322, 'C68', 'C43', 1, NULL),
(8323, 'C68', 'C44', 1, NULL),
(8324, 'C68', 'C45', 1, NULL),
(8325, 'C68', 'C46', 1, NULL),
(8326, 'C68', 'C47', 1, NULL),
(8327, 'C68', 'C48', 1, NULL),
(8328, 'C68', 'C49', 1, NULL),
(8329, 'C68', 'C51', 1, NULL),
(8330, 'C68', 'C52', 1, NULL),
(8331, 'C68', 'C53', 1, NULL),
(8332, 'C68', 'C54', 1, NULL),
(8333, 'C68', 'C55', 1, NULL),
(8334, 'C68', 'C56', 1, NULL),
(8335, 'C68', 'C57', 1, NULL),
(8336, 'C68', 'C58', 1, NULL),
(8337, 'C68', 'C59', 1, NULL),
(8338, 'C68', 'C61', 0.125, NULL),
(8339, 'C68', 'C62', 0.142857142, NULL),
(8340, 'C68', 'C63', 0.166666666, NULL),
(8341, 'C68', 'C64', 0.2, NULL),
(8342, 'C68', 'C65', 0.25, NULL),
(8343, 'C68', 'C66', 0.333333333, NULL),
(8344, 'C68', 'C67', 0.5, NULL),
(8345, 'C68', 'C68', 1, NULL),
(8346, 'C11', 'C68', 1, NULL),
(8347, 'C12', 'C68', 1, NULL),
(8348, 'C13', 'C68', 1, NULL),
(8349, 'C14', 'C68', 1, NULL),
(8350, 'C15', 'C68', 1, NULL),
(8351, 'C16', 'C68', 1, NULL),
(8352, 'C17', 'C68', 1, NULL),
(8353, 'C18', 'C68', 1, NULL),
(8354, 'C19', 'C68', 1, NULL),
(8355, 'C21', 'C68', 1, NULL),
(8356, 'C22', 'C68', 1, NULL),
(8357, 'C23', 'C68', 1, NULL),
(8358, 'C24', 'C68', 1, NULL),
(8359, 'C25', 'C68', 1, NULL),
(8360, 'C26', 'C68', 1, NULL),
(8361, 'C27', 'C68', 1, NULL),
(8362, 'C28', 'C68', 1, NULL),
(8363, 'C29', 'C68', 1, NULL),
(8364, 'C31', 'C68', 1, NULL),
(8365, 'C32', 'C68', 1, NULL),
(8366, 'C33', 'C68', 1, NULL),
(8367, 'C34', 'C68', 1, NULL),
(8368, 'C35', 'C68', 1, NULL),
(8369, 'C36', 'C68', 1, NULL),
(8370, 'C37', 'C68', 1, NULL),
(8371, 'C38', 'C68', 1, NULL),
(8372, 'C39', 'C68', 1, NULL),
(8373, 'C41', 'C68', 1, NULL),
(8374, 'C42', 'C68', 1, NULL),
(8375, 'C43', 'C68', 1, NULL),
(8376, 'C44', 'C68', 1, NULL),
(8377, 'C45', 'C68', 1, NULL),
(8378, 'C46', 'C68', 1, NULL),
(8379, 'C47', 'C68', 1, NULL),
(8380, 'C48', 'C68', 1, NULL),
(8381, 'C49', 'C68', 1, NULL),
(8382, 'C51', 'C68', 1, NULL),
(8383, 'C52', 'C68', 1, NULL),
(8384, 'C53', 'C68', 1, NULL),
(8385, 'C54', 'C68', 1, NULL),
(8386, 'C55', 'C68', 1, NULL),
(8387, 'C56', 'C68', 1, NULL),
(8388, 'C57', 'C68', 1, NULL),
(8389, 'C58', 'C68', 1, NULL),
(8390, 'C59', 'C68', 1, NULL),
(8391, 'C61', 'C68', 8, NULL),
(8392, 'C62', 'C68', 7, NULL),
(8393, 'C63', 'C68', 6, NULL),
(8394, 'C64', 'C68', 5, NULL),
(8395, 'C65', 'C68', 4, NULL),
(8396, 'C66', 'C68', 3, NULL),
(8397, 'C67', 'C68', 2, NULL),
(8398, 'C69', 'C11', 1, NULL),
(8399, 'C69', 'C12', 1, NULL),
(8400, 'C69', 'C13', 1, NULL),
(8401, 'C69', 'C14', 1, NULL),
(8402, 'C69', 'C15', 1, NULL),
(8403, 'C69', 'C16', 1, NULL),
(8404, 'C69', 'C17', 1, NULL),
(8405, 'C69', 'C18', 1, NULL),
(8406, 'C69', 'C19', 1, NULL),
(8407, 'C69', 'C21', 1, NULL),
(8408, 'C69', 'C22', 1, NULL),
(8409, 'C69', 'C23', 1, NULL),
(8410, 'C69', 'C24', 1, NULL),
(8411, 'C69', 'C25', 1, NULL),
(8412, 'C69', 'C26', 1, NULL),
(8413, 'C69', 'C27', 1, NULL),
(8414, 'C69', 'C28', 1, NULL),
(8415, 'C69', 'C29', 1, NULL),
(8416, 'C69', 'C31', 1, NULL),
(8417, 'C69', 'C32', 1, NULL),
(8418, 'C69', 'C33', 1, NULL),
(8419, 'C69', 'C34', 1, NULL),
(8420, 'C69', 'C35', 1, NULL),
(8421, 'C69', 'C36', 1, NULL),
(8422, 'C69', 'C37', 1, NULL),
(8423, 'C69', 'C38', 1, NULL),
(8424, 'C69', 'C39', 1, NULL),
(8425, 'C69', 'C41', 1, NULL),
(8426, 'C69', 'C42', 1, NULL),
(8427, 'C69', 'C43', 1, NULL),
(8428, 'C69', 'C44', 1, NULL),
(8429, 'C69', 'C45', 1, NULL),
(8430, 'C69', 'C46', 1, NULL),
(8431, 'C69', 'C47', 1, NULL),
(8432, 'C69', 'C48', 1, NULL),
(8433, 'C69', 'C49', 1, NULL),
(8434, 'C69', 'C51', 1, NULL),
(8435, 'C69', 'C52', 1, NULL),
(8436, 'C69', 'C53', 1, NULL),
(8437, 'C69', 'C54', 1, NULL),
(8438, 'C69', 'C55', 1, NULL),
(8439, 'C69', 'C56', 1, NULL),
(8440, 'C69', 'C57', 1, NULL),
(8441, 'C69', 'C58', 1, NULL),
(8442, 'C69', 'C59', 1, NULL),
(8443, 'C69', 'C61', 0.111111111, NULL),
(8444, 'C69', 'C62', 0.125, NULL),
(8445, 'C69', 'C63', 0.142857142, NULL),
(8446, 'C69', 'C64', 0.166666666, NULL),
(8447, 'C69', 'C65', 0.2, NULL),
(8448, 'C69', 'C66', 0.25, NULL),
(8449, 'C69', 'C67', 0.333333333, NULL),
(8450, 'C69', 'C68', 0.5, NULL),
(8451, 'C69', 'C69', 1, NULL),
(8452, 'C11', 'C69', 1, NULL),
(8453, 'C12', 'C69', 1, NULL),
(8454, 'C13', 'C69', 1, NULL),
(8455, 'C14', 'C69', 1, NULL),
(8456, 'C15', 'C69', 1, NULL),
(8457, 'C16', 'C69', 1, NULL),
(8458, 'C17', 'C69', 1, NULL),
(8459, 'C18', 'C69', 1, NULL),
(8460, 'C19', 'C69', 1, NULL),
(8461, 'C21', 'C69', 1, NULL),
(8462, 'C22', 'C69', 1, NULL),
(8463, 'C23', 'C69', 1, NULL),
(8464, 'C24', 'C69', 1, NULL),
(8465, 'C25', 'C69', 1, NULL),
(8466, 'C26', 'C69', 1, NULL),
(8467, 'C27', 'C69', 1, NULL),
(8468, 'C28', 'C69', 1, NULL),
(8469, 'C29', 'C69', 1, NULL),
(8470, 'C31', 'C69', 1, NULL),
(8471, 'C32', 'C69', 1, NULL),
(8472, 'C33', 'C69', 1, NULL),
(8473, 'C34', 'C69', 1, NULL),
(8474, 'C35', 'C69', 1, NULL),
(8475, 'C36', 'C69', 1, NULL),
(8476, 'C37', 'C69', 1, NULL),
(8477, 'C38', 'C69', 1, NULL),
(8478, 'C39', 'C69', 1, NULL),
(8479, 'C41', 'C69', 1, NULL),
(8480, 'C42', 'C69', 1, NULL),
(8481, 'C43', 'C69', 1, NULL),
(8482, 'C44', 'C69', 1, NULL),
(8483, 'C45', 'C69', 1, NULL),
(8484, 'C46', 'C69', 1, NULL),
(8485, 'C47', 'C69', 1, NULL),
(8486, 'C48', 'C69', 1, NULL),
(8487, 'C49', 'C69', 1, NULL),
(8488, 'C51', 'C69', 1, NULL),
(8489, 'C52', 'C69', 1, NULL),
(8490, 'C53', 'C69', 1, NULL),
(8491, 'C54', 'C69', 1, NULL),
(8492, 'C55', 'C69', 1, NULL),
(8493, 'C56', 'C69', 1, NULL),
(8494, 'C57', 'C69', 1, NULL),
(8495, 'C58', 'C69', 1, NULL),
(8496, 'C59', 'C69', 1, NULL),
(8497, 'C61', 'C69', 9, NULL),
(8498, 'C62', 'C69', 8, NULL),
(8499, 'C63', 'C69', 7, NULL),
(8500, 'C64', 'C69', 6, NULL),
(8501, 'C65', 'C69', 5, NULL),
(8502, 'C66', 'C69', 4, NULL),
(8503, 'C67', 'C69', 3, NULL),
(8504, 'C68', 'C69', 2, NULL);

-- --------------------------------------------------------

--
-- Struktur dari tabel `tb_sub`
--

CREATE TABLE `tb_sub` (
  `kode_sub` varchar(255) NOT NULL,
  `kode_kriteria` varchar(255) DEFAULT NULL,
  `nama_sub` varchar(255) DEFAULT NULL,
  `nilai_sub` double DEFAULT NULL
) ENGINE=InnoDB DEFAULT CHARSET=latin1;

--
-- Dumping data untuk tabel `tb_sub`
--

INSERT INTO `tb_sub` (`kode_sub`, `kode_kriteria`, `nama_sub`, `nilai_sub`) VALUES
('C11', 'C1', '10', 0.30695),
('C12', 'C1', '9', 0.2182),
('C13', 'C1', '8', 0.15432),
('C14', 'C1', '7', 0.10888),
('C15', 'C1', '6', 0.07644),
('C16', 'C1', '5', 0.05331),
('C17', 'C1', '4', 0.03703),
('C18', 'C1', '3', 0.02595),
('C19', 'C1', '2', 0.01891),
('C21', 'C2', '10', 0.30695),
('C22', 'C2', '9', 0.2182),
('C23', 'C2', '8', 0.15432),
('C24', 'C2', '7', 0.10888),
('C25', 'C2', '6', 0.07644),
('C26', 'C2', '5', 0.05331),
('C27', 'C2', '4', 0.03703),
('C28', 'C2', '3', 0.02595),
('C29', 'C2', '2', 0.01891),
('C31', 'C3', '10', 0.30695),
('C32', 'C3', '9', 0.2182),
('C33', 'C3', '8', 0.15432),
('C34', 'C3', '7', 0.10888),
('C35', 'C3', '6', 0.07644),
('C36', 'C3', '5', 0.05331),
('C37', 'C3', '4', 0.03703),
('C38', 'C3', '3', 0.02595),
('C39', 'C3', '2', 0.01891),
('C41', 'C4', '10', 0.30695),
('C42', 'C4', '9', 0.2182),
('C43', 'C4', '8', 0.15432),
('C44', 'C4', '7', 0.10888),
('C45', 'C4', '6', 0.07644),
('C46', 'C4', '5', 0.05331),
('C47', 'C4', '4', 0.03703),
('C48', 'C4', '3', 0.02595),
('C49', 'C4', '2', 0.01891),
('C51', 'C5', '10', 0.30695),
('C52', 'C5', '9', 0.2182),
('C53', 'C5', '8', 0.15432),
('C54', 'C5', '7', 0.10888),
('C55', 'C5', '6', 0.07644),
('C56', 'C5', '5', 0.05331),
('C57', 'C5', '4', 0.03703),
('C58', 'C5', '3', 0.02595),
('C59', 'C5', '2', 0.01891),
('C61', 'C6', '10', 0.30695),
('C62', 'C6', '9', 0.2182),
('C63', 'C6', '8', 0.15432),
('C64', 'C6', '7', 0.10888),
('C65', 'C6', '6', 0.07644),
('C66', 'C6', '5', 0.05331),
('C67', 'C6', '4', 0.03703),
('C68', 'C6', '3', 0.02595),
('C69', 'C6', '2', 0.01891);

-- --------------------------------------------------------

--
-- Struktur dari tabel `tb_user`
--

CREATE TABLE `tb_user` (
  `kode_user` varchar(255) NOT NULL,
  `user` varchar(255) NOT NULL,
  `pass` varchar(255) NOT NULL,
  `nama_user` varchar(255) NOT NULL,
  `level` varchar(255) NOT NULL
) ENGINE=InnoDB DEFAULT CHARSET=latin1;

--
-- Dumping data untuk tabel `tb_user`
--

INSERT INTO `tb_user` (`kode_user`, `user`, `pass`, `nama_user`, `level`) VALUES
('A1', 'admin', 'admin', 'ADMINISTRATOR', 'admin'),
('U001', 'envy', 'envy123', 'RESKY FADIL', 'user');

--
-- Indexes for dumped tables
--

--
-- Indeks untuk tabel `tb_alternatif`
--
ALTER TABLE `tb_alternatif`
  ADD PRIMARY KEY (`kode_alternatif`);

--
-- Indeks untuk tabel `tb_kriteria`
--
ALTER TABLE `tb_kriteria`
  ADD PRIMARY KEY (`kode_kriteria`);

--
-- Indeks untuk tabel `tb_rel_alternatif`
--
ALTER TABLE `tb_rel_alternatif`
  ADD PRIMARY KEY (`ID`);

--
-- Indeks untuk tabel `tb_rel_kriteria`
--
ALTER TABLE `tb_rel_kriteria`
  ADD PRIMARY KEY (`ID`);

--
-- Indeks untuk tabel `tb_rel_sub`
--
ALTER TABLE `tb_rel_sub`
  ADD PRIMARY KEY (`ID`);

--
-- Indeks untuk tabel `tb_sub`
--
ALTER TABLE `tb_sub`
  ADD PRIMARY KEY (`kode_sub`);

--
-- AUTO_INCREMENT untuk tabel yang dibuang
--

--
-- AUTO_INCREMENT untuk tabel `tb_rel_alternatif`
--
ALTER TABLE `tb_rel_alternatif`
  MODIFY `ID` int NOT NULL AUTO_INCREMENT, AUTO_INCREMENT=1803;

--
-- AUTO_INCREMENT untuk tabel `tb_rel_kriteria`
--
ALTER TABLE `tb_rel_kriteria`
  MODIFY `ID` int NOT NULL AUTO_INCREMENT, AUTO_INCREMENT=488;

--
-- AUTO_INCREMENT untuk tabel `tb_rel_sub`
--
ALTER TABLE `tb_rel_sub`
  MODIFY `ID` int NOT NULL AUTO_INCREMENT, AUTO_INCREMENT=8505;


-- Menambahkan foreign key pada tabel `tb_rel_alternatif`
ALTER TABLE `tb_rel_alternatif`
  ADD CONSTRAINT `fk_rel_alternatif_alternatif`
  FOREIGN KEY (`kode_alternatif`) REFERENCES `tb_alternatif`(`kode_alternatif`)
  ON DELETE CASCADE;

ALTER TABLE `tb_rel_alternatif`
  ADD CONSTRAINT `fk_rel_alternatif_kriteria`
  FOREIGN KEY (`kode_kriteria`) REFERENCES `tb_kriteria`(`kode_kriteria`)
  ON DELETE CASCADE;

ALTER TABLE `tb_rel_alternatif`
  ADD CONSTRAINT `fk_rel_alternatif_sub`
  FOREIGN KEY (`kode_sub`) REFERENCES `tb_sub`(`kode_sub`)
  ON DELETE CASCADE;


-- Menambahkan foreign key pada tabel `tb_rel_kriteria`
ALTER TABLE `tb_rel_kriteria`
  ADD CONSTRAINT `fk_rel_kriteria_kriteria1`
  FOREIGN KEY (`ID1`) REFERENCES `tb_kriteria`(`kode_kriteria`)
  ON DELETE CASCADE;

ALTER TABLE `tb_rel_kriteria`
  ADD CONSTRAINT `fk_rel_kriteria_kriteria2`
  FOREIGN KEY (`ID2`) REFERENCES `tb_kriteria`(`kode_kriteria`)
  ON DELETE CASCADE;


-- Menambahkan foreign key pada tabel `tb_rel_sub`
ALTER TABLE `tb_rel_sub`
  ADD CONSTRAINT `fk_rel_sub_id1`
  FOREIGN KEY (`ID1`) REFERENCES `tb_sub`(`kode_sub`)
  ON DELETE CASCADE;

ALTER TABLE `tb_rel_sub`
  ADD CONSTRAINT `fk_rel_sub_id2`
  FOREIGN KEY (`ID2`) REFERENCES `tb_sub`(`kode_sub`)
  ON DELETE CASCADE;


-- Menambahkan foreign key pada tabel `tb_sub`
ALTER TABLE `tb_sub`
  ADD CONSTRAINT `fk_sub_kriteria`
  FOREIGN KEY (`kode_kriteria`) REFERENCES `tb_kriteria`(`kode_kriteria`)
  ON DELETE CASCADE;

COMMIT;

/*!40101 SET CHARACTER_SET_CLIENT=@OLD_CHARACTER_SET_CLIENT */;
/*!40101 SET CHARACTER_SET_RESULTS=@OLD_CHARACTER_SET_RESULTS */;
/*!40101 SET COLLATION_CONNECTION=@OLD_COLLATION_CONNECTION */;
